<?xml version="1.0" encoding="UTF-8"?>
<!-- Metemos un atributo en un menú -->
<BurguerKing title="¿Qué quieres comer hoy?">
    <menu desc="parrilla">
        <nombre>Menú King Cheetos</nombre>
        <carnes>2 carnes</carnes>
        <pan>Sabor cheetos</pan>
        <salsa>Pelotazos</salsa>
        <queso>cheedar</queso>
    </menu>   
    <menu desc="pollo">
        <nombre>Menú Duo Bacon Cheedar</nombre>
        <carnes>3 carnes</carnes>
        <pan>brioche</pan>
        <salsa>tomate</salsa>
        <queso>cheedar</queso>
    </menu>  
    <menu desc="vegetariano">
        <nombre>Menú Whopper Vegetal</nombre>
        <carnes>Tofu sabor carne</carnes>
        <pan>normal</pan>
        <salsa>ketchup</salsa>
        <queso>sin queso</queso>
    </menu>
    <menu desc="pollo">
        <nombre>Menú Duo Bacon Cheedar</nombre>
        <carnes>3 carnes</carnes>
        <pan>brioche</pan>
        <salsa>tomate</salsa>
        <queso>cheedar</queso>
    </menu>
    <menu desc="parrilla">
        <nombre>Menú CBK</nombre>
        <carnes>1 carne pollo crujiente</carnes>
        <pan>brioche de bacon</pan>
        <salsa>barbacoa</salsa>
        <queso>chedar</queso>
    </menu>
    <menu desc="parrilla">
        <nombre>Menú Triple Whopper</nombre>
        <carnes>3 carnes</carnes>
        <pan>normal</pan>
        <salsa>súper esponjoso</salsa>
        <queso>tranchete</queso>
    </menu>
</BurguerKing>

