<?xml version="1.0" encoding="UTF-8"?>
<!-- Menús del burguer king -->
<BurguerKing title="¿Qué quieres comer hoy?" dinero="6€">
    <menu>
        <nombre>Menú King Cheetos</nombre>
        <carnes>2 carnes</carnes>
        <pan>Sabor cheetos</pan>
        <salsa>Pelotazos</salsa>
        <queso>cheedar</queso>
    </menu> 
    <menu>
        <nombre>Menú Duo Bacon Cheedar</nombre>
        <carnes>3 carnes</carnes>
        <pan>brioche</pan>
        <salsa>tomate</salsa>
        <queso>cheedar</queso>
    </menu>
    <menu>
        <nombre>Menú Whopper Vegetal</nombre>
        <carnes>Tofu sabor carne</carnes>
        <pan>normal</pan>
        <salsa>ketchup</salsa>
        <queso>sin queso</queso>
    </menu>   
</BurguerKing>

