<rss xmlns:dc="http://purl.org/dc/elements/1.1/" xmlns:atom="http://www.w3.org/2005/Atom" xmlns:media="http://search.yahoo.com/mrss/" xmlns:itunes="http://www.itunes.com/dtds/podcast-1.0.dtd" version="2.0">
<channel>
<title>
<![CDATA[ Mercados // expansion ]]>
</title>
<link>http://www.expansion.com</link>
<description>
<![CDATA[ Mercados // expansion ]]>
</description>
<language>es</language>
<copyright>
<![CDATA[ (c) 2024, Unidad Editorial, S.A. ]]>
</copyright>
<pubDate>Thu, 14 Nov 2024 14:25:09 +0100</pubDate>
<lastBuildDate>Thu, 14 Nov 2024 14:25:09 +0100</lastBuildDate>
<category>
<![CDATA[ News & Politics ]]>
</category>
<ttl>60</ttl>
<atom:link href="https://www.expansion.com/rss/mercados.xml" rel="self" type="application/rss+xml"/>
<image>
<title>
<![CDATA[ Mercados // expansion ]]>
</title>
<url>https://e00-expansion.uecdn.es/imagen/canalima144.gif</url>
<link>http://www.expansion.com</link>
<width>144</width>
<height>24</height>
<description>
<![CDATA[ expansion.com ]]>
</description>
</image>
<item>
<title>
<![CDATA[ El Ibex se sostiene con Grifols y los bancos ]]>
</title>
<description>
<![CDATA[ Los mercados se toman un respiro mientras auguran nuevas turbulencias, las derivadas de la heterodoxia que podría imponer Donald Trump. El dólar amplía sus máximos anuales frente al euro, y las dudas se instalan de nuevo en un Ibex atascado cerca de los 11.400 puntos. Grifols y los bancos sostienen al Ibex.&nbsp;<a href="https://www.expansion.com/mercados/cronica-bolsa/2024/11/14/67359e21e5fdea214a8b458e.html">Leer</a><img src="http://secure-uk.imrworldwide.com/cgi-bin/m?cid=es-widgetueditorial&amp;cg=rss-expansion&amp;ci=es-widgetueditorial&amp;si=https://www.expansion.com/rss/mercados.xml" alt=""/> ]]>
</description>
<dc:creator>
<![CDATA[ Alejandro Sánchez ]]>
</dc:creator>
<link>https://www.expansion.com/mercados/cronica-bolsa/2024/11/14/67359e21e5fdea214a8b458e.html</link>
<category>
<![CDATA[ Crónica de Bolsa ]]>
</category>
<media:description type="html">
<![CDATA[ Los mercados se toman un respiro mientras auguran nuevas turbulencias, las derivadas de la heterodoxia que podría imponer Donald Trump. El dólar amplía sus máximos anuales frente al euro, y las dudas se instalan de nuevo en un Ibex atascado cerca de los 11.400 puntos. Grifols y los bancos sostienen al Ibex. ]]>
</media:description>
<media:title type="html">
<![CDATA[ CRÓNICA DE BOLSA ]]>
</media:title>
<guid>https://www.expansion.com/mercados/cronica-bolsa/2024/11/14/67359e21e5fdea214a8b458e.html</guid>
<pubDate>Thu, 14 Nov 2024 07:52:19 +0100</pubDate>
</item>
<item>
<title>
<![CDATA[ Los riesgos a vigilar en el rally del bitcoin ]]>
</title>
<description>
<![CDATA[ La euforia se ha desatado entre los inversores cripto. El bitcoin se perfila como "el gran ganador de la era Trump", con récords por encima ya de los 90.000 dólares. Los analistas no dudan en valorar los "vientos a favor" que afronta la mayor de las criptomonedas. Pero ante la verticalidad de las subidas tampoco dejan de lado los riesgos que pueden truncar su rally.&nbsp;<a href="https://www.expansion.com/mercados/criptomonedas/2024/11/14/6735aa17468aeb02268b45c4.html">Leer</a><img src="http://secure-uk.imrworldwide.com/cgi-bin/m?cid=es-widgetueditorial&amp;cg=rss-expansion&amp;ci=es-widgetueditorial&amp;si=https://www.expansion.com/rss/mercados.xml" alt=""/> ]]>
</description>
<dc:creator>
<![CDATA[ Alejandro Sánchez ]]>
</dc:creator>
<link>https://www.expansion.com/mercados/criptomonedas/2024/11/14/6735aa17468aeb02268b45c4.html</link>
<category>
<![CDATA[ Mercados ]]>
</category>
<category>
<![CDATA[ criptomonedas ]]>
</category>
<category>
<![CDATA[ Bitcoin ]]>
</category>
<media:description type="html">
<![CDATA[ La euforia se ha desatado entre los inversores cripto. El bitcoin se perfila como "el gran ganador de la era Trump", con récords por encima ya de los 90.000 dólares. Los analistas no dudan en valorar los "vientos a favor" que afronta la mayor de las criptomonedas. Pero ante la verticalidad de las subidas tampoco dejan de lado los riesgos que pueden truncar su rally. ]]>
</media:description>
<media:title type="html">
<![CDATA[ CRIPTOMONEDAS ]]>
</media:title>
<media:content url="https://e00-expansion.uecdn.es/assets/multimedia/imagenes/2024/11/14/17315701336963.jpg" medium="image" width="1000" height="750"/>
<media:thumbnail url="https://e00-expansion.uecdn.es/assets/multimedia/imagenes/2024/11/14/17315701336963_150x0.jpg" width="150" height="112"/>
<media:text>Montaje con la imagen de Donald Trump en monedas de bitcoin</media:text>
<media:credit role="author"/>
<guid>https://www.expansion.com/mercados/criptomonedas/2024/11/14/6735aa17468aeb02268b45c4.html</guid>
<pubDate>Thu, 14 Nov 2024 11:11:50 +0100</pubDate>
</item>
<item>
<title>
<![CDATA[ Kepler corta las alas en el Ibex a CaixaBank ]]>
</title>
<description>
<![CDATA[ Las acciones de CaixaBank se quedan rezagadas hoy respecto a las del resto de bancos del Ibex, en una jornada en la que los analistas de Kepler Cheuvreux se desmarcan del consenso del mercado tras la doble rebaja emitida sobre el valor.&nbsp;<a href="https://www.expansion.com/mercados/2024/11/14/6735d95a468aebc0038b459a.html">Leer</a><img src="http://secure-uk.imrworldwide.com/cgi-bin/m?cid=es-widgetueditorial&amp;cg=rss-expansion&amp;ci=es-widgetueditorial&amp;si=https://www.expansion.com/rss/mercados.xml" alt=""/> ]]>
</description>
<dc:creator>
<![CDATA[ Alejandro Sánchez ]]>
</dc:creator>
<link>https://www.expansion.com/mercados/2024/11/14/6735d95a468aebc0038b459a.html</link>
<category>
<![CDATA[ Mercados ]]>
</category>
<media:description type="html">
<![CDATA[ Las acciones de CaixaBank se quedan rezagadas hoy respecto a las del resto de bancos del Ibex, en una jornada en la que los analistas de Kepler Cheuvreux se desmarcan del consenso del mercado tras la doble rebaja emitida sobre el valor. ]]>
</media:description>
<media:title type="html">
<![CDATA[ MERCADOS ]]>
</media:title>
<media:content url="https://e00-expansion.uecdn.es/assets/multimedia/imagenes/2024/11/14/17315822599124.jpg" medium="image" width="2048" height="1151"/>
<media:thumbnail url="https://e00-expansion.uecdn.es/assets/multimedia/imagenes/2024/11/14/17315822599124_150x0.jpg" width="150" height="84"/>
<media:text>Sucursal bancaria de CaixaBank</media:text>
<media:credit role="author">JMCadenas</media:credit>
<guid>https://www.expansion.com/mercados/2024/11/14/6735d95a468aebc0038b459a.html</guid>
<pubDate>Thu, 14 Nov 2024 12:05:05 +0100</pubDate>
</item>
<item>
<title>
<![CDATA[ Cox saldrá a Bolsa por 810 millones, el precio más bajo ]]>
</title>
<description>
<![CDATA[ Tras varios ajustes a la baja, y retrasos en el calendario, el grupo saldrá previsiblemente mañana a 10,23 euros por acción, con el apoyo de sus actuales accionistas, Riquelme y Zardoya, que han tenido que comprometer más dinero.&nbsp;<a href="https://www.expansion.com/empresas/energia/2024/11/14/6735a02f468aeb02268b45bc.html">Leer</a><img src="http://secure-uk.imrworldwide.com/cgi-bin/m?cid=es-widgetueditorial&amp;cg=rss-expansion&amp;ci=es-widgetueditorial&amp;si=https://www.expansion.com/rss/mercados.xml" alt=""/> ]]>
</description>
<dc:creator>
<![CDATA[ Miguel Á. Patiño ]]>
</dc:creator>
<link>https://www.expansion.com/empresas/energia/2024/11/14/6735a02f468aeb02268b45bc.html</link>
<category>
<![CDATA[ Empresas ]]>
</category>
<category>
<![CDATA[ Energía ]]>
</category>
<category>
<![CDATA[ Mercados ]]>
</category>
<category>
<![CDATA[ Sostenibilidad ]]>
</category>
<media:description type="html">
<![CDATA[ Tras varios ajustes a la baja, y retrasos en el calendario, el grupo saldrá previsiblemente mañana a 10,23 euros por acción, con el apoyo de sus actuales accionistas, Riquelme y Zardoya, que han tenido que comprometer más dinero. ]]>
</media:description>
<media:title type="html">
<![CDATA[ ENERGÍA ]]>
</media:title>
<media:content url="https://e00-expansion.uecdn.es/assets/multimedia/imagenes/2024/11/11/17313433761266.jpg" medium="image" width="1605" height="2847"/>
<media:thumbnail url="https://e00-expansion.uecdn.es/assets/multimedia/imagenes/2024/11/11/17313433761266_150x0.jpg" width="150" height="266"/>
<media:text>Enrique Riquelme es fundador y presidente de Cox.</media:text>
<media:credit role="author"/>
<guid>https://www.expansion.com/empresas/energia/2024/11/14/6735a02f468aeb02268b45bc.html</guid>
<pubDate>Thu, 14 Nov 2024 08:09:34 +0100</pubDate>
</item>
<item>
<title>
<![CDATA[ La CNMC convierte su decisión técnica sobre BBVA y Sabadell en un asunto político ]]>
</title>
<description>
<![CDATA[ La decisión de la CNMC de llevar el expediente de BBVA y Sabadell a una segunda fase supondrá dar entrada a actores políticos como las comunidades autónomas o incluso el Gobierno central a un proceso que, hasta el momento, se estaba dirimiendo con estrictos criterios de competencia.&nbsp;<a href="https://www.expansion.com/empresas/banca/2024/11/14/67350671e5fdea8a688b4571.html">Leer</a><img src="http://secure-uk.imrworldwide.com/cgi-bin/m?cid=es-widgetueditorial&amp;cg=rss-expansion&amp;ci=es-widgetueditorial&amp;si=https://www.expansion.com/rss/mercados.xml" alt=""/> ]]>
</description>
<dc:creator>
<![CDATA[ Nicolás M. Sarriés ]]>
</dc:creator>
<link>https://www.expansion.com/empresas/banca/2024/11/14/67350671e5fdea8a688b4571.html</link>
<category>
<![CDATA[ Empresas ]]>
</category>
<category>
<![CDATA[ Banca ]]>
</category>
<category>
<![CDATA[ Mercados ]]>
</category>
<category>
<![CDATA[ BBVA ]]>
</category>
<category>
<![CDATA[ Banco Sabadell ]]>
</category>
<media:description type="html">
<![CDATA[ La decisión de la CNMC de llevar el expediente de BBVA y Sabadell a una segunda fase supondrá dar entrada a actores políticos como las comunidades autónomas o incluso el Gobierno central a un proceso que, hasta el momento, se estaba dirimiendo con estrictos criterios de competencia. ]]>
</media:description>
<media:title type="html">
<![CDATA[ BANCA ]]>
</media:title>
<media:content url="https://e00-expansion.uecdn.es/assets/multimedia/imagenes/2024/11/13/17315282624290.jpg" medium="image" width="2048" height="1365"/>
<media:thumbnail url="https://e00-expansion.uecdn.es/assets/multimedia/imagenes/2024/11/13/17315282624290_150x0.jpg" width="150" height="99"/>
<media:text>Cani Fernández, presidenta de la CNMC.</media:text>
<media:credit role="author">"Jesús Hellín "</media:credit>
<guid>https://www.expansion.com/empresas/banca/2024/11/14/67350671e5fdea8a688b4571.html</guid>
<pubDate>Thu, 14 Nov 2024 01:44:47 +0100</pubDate>
</item>
<item>
<title>
<![CDATA[ Juan Flames aterriza mañana como CEO de BME con el reto de atraer negocio ]]>
</title>
<description>
<![CDATA[ El valenciano Flames toma las riendas mañana como consejero delegado de BME con el reto de enderezar el negocio de la bolsa española, en declive, y atraer clientes e inversores.&nbsp;<a href="https://www.expansion.com/mercados/2024/11/14/67350931468aeba4128b456f.html">Leer</a><img src="http://secure-uk.imrworldwide.com/cgi-bin/m?cid=es-widgetueditorial&amp;cg=rss-expansion&amp;ci=es-widgetueditorial&amp;si=https://www.expansion.com/rss/mercados.xml" alt=""/> ]]>
</description>
<dc:creator>
<![CDATA[ Carmen Rosique ]]>
</dc:creator>
<link>https://www.expansion.com/mercados/2024/11/14/67350931468aeba4128b456f.html</link>
<category>
<![CDATA[ Mercados ]]>
</category>
<media:description type="html">
<![CDATA[ El valenciano Flames toma las riendas mañana como consejero delegado de BME con el reto de enderezar el negocio de la bolsa española, en declive, y atraer clientes e inversores. ]]>
</media:description>
<media:title type="html">
<![CDATA[ MERCADOS ]]>
</media:title>
<media:content url="https://e00-expansion.uecdn.es/assets/multimedia/imagenes/2024/11/13/17315289190165.jpg" medium="image" width="2048" height="2268"/>
<media:thumbnail url="https://e00-expansion.uecdn.es/assets/multimedia/imagenes/2024/11/13/17315289190165_150x0.jpg" width="150" height="166"/>
<media:text>Juan Flames, nuevo CEO de BME y responsable de BME Exchanges.</media:text>
<media:credit role="author"/>
<guid>https://www.expansion.com/mercados/2024/11/14/67350931468aeba4128b456f.html</guid>
<pubDate>Thu, 14 Nov 2024 01:30:18 +0100</pubDate>
</item>
<item>
<title>
<![CDATA[ Los tres valores que ganan más del 5.200% desde el estreno del Ibex en 1992 ]]>
</title>
<description>
<![CDATA[ Tres compañías del Ibex acumulan rentabilidades increíbles desde la aparición del Ibex, el 14 de enero de 1992. Sus títulos se han revalorizado entre un 5.200% y un 7.800% en este periodo. El trío cuenta con el apoyo mayoritario de la mayoría de los expertos, que creen que hay que tenerlos en cartera.&nbsp;<a href="https://www.expansion.com/ahorro/2024/11/14/672df0d1468aeb7f5a8b4597.html">Leer</a><img src="http://secure-uk.imrworldwide.com/cgi-bin/m?cid=es-widgetueditorial&amp;cg=rss-expansion&amp;ci=es-widgetueditorial&amp;si=https://www.expansion.com/rss/mercados.xml" alt=""/> ]]>
</description>
<dc:creator>
<![CDATA[ Diana Esperanza ]]>
</dc:creator>
<link>https://www.expansion.com/ahorro/2024/11/14/672df0d1468aeb7f5a8b4597.html</link>
<category>
<![CDATA[ Ahorro ]]>
</category>
<category>
<![CDATA[ Mercados ]]>
</category>
<media:description type="html">
<![CDATA[ Tres compañías del Ibex acumulan rentabilidades increíbles desde la aparición del Ibex, el 14 de enero de 1992. Sus títulos se han revalorizado entre un 5.200% y un 7.800% en este periodo. El trío cuenta con el apoyo mayoritario de la mayoría de los expertos, que creen que hay que tenerlos en cartera. ]]>
</media:description>
<media:title type="html">
<![CDATA[ AHORRO E INVERSIÓN ]]>
</media:title>
<media:content url="https://e00-expansion.uecdn.es/assets/multimedia/imagenes/2024/11/13/17315148012371.jpg" medium="image" width="1920" height="1080"/>
<media:thumbnail url="https://e00-expansion.uecdn.es/assets/multimedia/imagenes/2024/11/13/17315148012371_150x0.jpg" width="150" height="84"/>
<media:text/>
<media:credit role="author"/>
<guid>https://www.expansion.com/ahorro/2024/11/14/672df0d1468aeb7f5a8b4597.html</guid>
<pubDate>Thu, 14 Nov 2024 01:23:37 +0100</pubDate>
</item>
<item>
<title>
<![CDATA[ Renovables en Bolsa: entre el riesgo y la oportunidad ]]>
</title>
<description>
<![CDATA[ Las políticas que anuncia Donald Trump suponen una asfixia para las firmas de energía renovalbes. Pero hay oportunidades a ambos lados del Atlántico.&nbsp;<a href="https://www.expansion.com/mercados/2024/11/14/67351ca0468aebd07c8b4584.html">Leer</a><img src="http://secure-uk.imrworldwide.com/cgi-bin/m?cid=es-widgetueditorial&amp;cg=rss-expansion&amp;ci=es-widgetueditorial&amp;si=https://www.expansion.com/rss/mercados.xml" alt=""/> ]]>
</description>
<dc:creator>
<![CDATA[ R. Poza Martín ]]>
</dc:creator>
<link>https://www.expansion.com/mercados/2024/11/14/67351ca0468aebd07c8b4584.html</link>
<category>
<![CDATA[ Mercados ]]>
</category>
<media:description type="html">
<![CDATA[ Las políticas que anuncia Donald Trump suponen una asfixia para las firmas de energía renovalbes. Pero hay oportunidades a ambos lados del Atlántico. ]]>
</media:description>
<media:title type="html">
<![CDATA[ MERCADOS ]]>
</media:title>
<media:content url="https://e00-expansion.uecdn.es/assets/multimedia/imagenes/2024/10/15/17289825133571.jpg" medium="image" width="2048" height="1365"/>
<media:thumbnail url="https://e00-expansion.uecdn.es/assets/multimedia/imagenes/2024/10/15/17289825133571_150x0.jpg" width="150" height="99"/>
<media:text>La corrección puede que haya sido excesiva y hay renovables con buenas perspectivas.</media:text>
<media:credit role="author">DREAMSTIME</media:credit>
<guid>https://www.expansion.com/mercados/2024/11/14/67351ca0468aebd07c8b4584.html</guid>
<pubDate>Thu, 14 Nov 2024 01:22:49 +0100</pubDate>
</item>
<item>
<title>
<![CDATA[ La gran sorpresa del mercado en el primer cuarto del siglo XXI: el oro bate a la Bolsa en rentabilidad ]]>
</title>
<description>
<![CDATA[ Entre 2000 y 2024, el Ibex ha sufrido dos décadas y media perdidas, con un retorno negativo del 0,3%.&nbsp;<a href="https://www.expansion.com/mercados/2024/11/13/6734ddc6468aeb79748b4573.html">Leer</a><img src="http://secure-uk.imrworldwide.com/cgi-bin/m?cid=es-widgetueditorial&amp;cg=rss-expansion&amp;ci=es-widgetueditorial&amp;si=https://www.expansion.com/rss/mercados.xml" alt=""/> ]]>
</description>
<dc:creator>
<![CDATA[ Roberto Casado ]]>
</dc:creator>
<link>https://www.expansion.com/mercados/2024/11/13/6734ddc6468aeb79748b4573.html</link>
<category>
<![CDATA[ El foco del día ]]>
</category>
<category>
<![CDATA[ Mercados ]]>
</category>
<media:description type="html">
<![CDATA[ Entre 2000 y 2024, el Ibex ha sufrido dos décadas y media perdidas, con un retorno negativo del 0,3%. ]]>
</media:description>
<media:title type="html">
<![CDATA[ EL FOCO DEL DÍA ]]>
</media:title>
<media:content url="https://e00-expansion.uecdn.es/assets/multimedia/imagenes/2024/11/13/17315162086380.jpg" medium="image" width="1863" height="826"/>
<media:thumbnail url="https://e00-expansion.uecdn.es/assets/multimedia/imagenes/2024/11/13/17315162086380_150x0.jpg" width="150" height="66"/>
<media:text/>
<media:credit role="author"/>
<guid>https://www.expansion.com/mercados/2024/11/13/6734ddc6468aeb79748b4573.html</guid>
<pubDate>Wed, 13 Nov 2024 20:52:13 +0100</pubDate>
</item>
<item>
<title>
<![CDATA[ González-Bueno (Sabadell): "Que la opa de BBVA se alargue ayuda a que se ponga toda la información sobre la mesa" ]]>
</title>
<description>
<![CDATA[ El consejero delegado de Banco Sabadell ha subrayado que no ve "entusiasmo" ni en los clientes ni en los accionistas para que la opa tenga éxito.&nbsp;<a href="https://www.expansion.com/empresas/banca/2024/11/13/67349d98468aebda558b4591.html">Leer</a><img src="http://secure-uk.imrworldwide.com/cgi-bin/m?cid=es-widgetueditorial&amp;cg=rss-expansion&amp;ci=es-widgetueditorial&amp;si=https://www.expansion.com/rss/mercados.xml" alt=""/> ]]>
</description>
<dc:creator>
<![CDATA[ A. Montoro ]]>
</dc:creator>
<link>https://www.expansion.com/empresas/banca/2024/11/13/67349d98468aebda558b4591.html</link>
<category>
<![CDATA[ Banca ]]>
</category>
<category>
<![CDATA[ Banco Sabadell ]]>
</category>
<category>
<![CDATA[ BBVA ]]>
</category>
<category>
<![CDATA[ Empresas ]]>
</category>
<category>
<![CDATA[ Mercados ]]>
</category>
<media:description type="html">
<![CDATA[ El consejero delegado de Banco Sabadell ha subrayado que no ve "entusiasmo" ni en los clientes ni en los accionistas para que la opa tenga éxito. ]]>
</media:description>
<media:title type="html">
<![CDATA[ BANCA ]]>
</media:title>
<media:content url="https://e00-expansion.uecdn.es/assets/multimedia/imagenes/2024/11/13/17315012966111.jpg" medium="image" width="2048" height="1365"/>
<media:thumbnail url="https://e00-expansion.uecdn.es/assets/multimedia/imagenes/2024/11/13/17315012966111_150x0.jpg" width="150" height="99"/>
<media:text>CESAR GONZALEZ-BUENO, CONSEJERO DELEGADO DEL BANCO SABADELL.</media:text>
<media:credit role="author">JMCadenas</media:credit>
<guid>https://www.expansion.com/empresas/banca/2024/11/13/67349d98468aebda558b4591.html</guid>
<pubDate>Wed, 13 Nov 2024 13:37:49 +0100</pubDate>
</item>
<item>
<title>
<![CDATA[ El bitcoin logra el 'sorpasso' a la plata ]]>
</title>
<description>
<![CDATA[ El auge del bitcoin dentro de los mercados financieros alcanza un nuevo hito al superar por primera vez, en términos de capitalización, a un activo clásico como la plata.&nbsp;<a href="https://www.expansion.com/mercados/criptomonedas/2024/11/13/67348744468aeb8b7b8b45ae.html">Leer</a><img src="http://secure-uk.imrworldwide.com/cgi-bin/m?cid=es-widgetueditorial&amp;cg=rss-expansion&amp;ci=es-widgetueditorial&amp;si=https://www.expansion.com/rss/mercados.xml" alt=""/> ]]>
</description>
<dc:creator>
<![CDATA[ Alejandro Sánchez ]]>
</dc:creator>
<link>https://www.expansion.com/mercados/criptomonedas/2024/11/13/67348744468aeb8b7b8b45ae.html</link>
<category>
<![CDATA[ Mercados ]]>
</category>
<category>
<![CDATA[ criptomonedas ]]>
</category>
<category>
<![CDATA[ Bitcoin ]]>
</category>
<category>
<![CDATA[ Materias primas ]]>
</category>
<media:description type="html">
<![CDATA[ El auge del bitcoin dentro de los mercados financieros alcanza un nuevo hito al superar por primera vez, en términos de capitalización, a un activo clásico como la plata. ]]>
</media:description>
<media:title type="html">
<![CDATA[ CRIPTOMONEDAS ]]>
</media:title>
<media:content url="https://e00-expansion.uecdn.es/assets/multimedia/imagenes/2020/05/08/15889329794196.jpg" medium="image" width="2048" height="1390"/>
<media:thumbnail url="https://e00-expansion.uecdn.es/assets/multimedia/imagenes/2020/05/08/15889329794196_150x0.jpg" width="150" height="101"/>
<media:text>Monedas de bitcoin con gráficos al alza</media:text>
<media:credit role="author">DREAMSTIME</media:credit>
<guid>https://www.expansion.com/mercados/criptomonedas/2024/11/13/67348744468aeb8b7b8b45ae.html</guid>
<pubDate>Wed, 13 Nov 2024 12:41:30 +0100</pubDate>
</item>
<item>
<title>
<![CDATA[ BBVA confía en que las condiciones de la CNMC "no sean inviables" ]]>
</title>
<description>
<![CDATA[ Onur Genç, consejero delegado de BBVA, ha recordado este miércoles que "tenemos la opción de dar marcha atrás" a la operación en caso de que la CNMC imponga condiciones duras.&nbsp;<a href="https://www.expansion.com/empresas/banca/2024/11/13/67347ca1468aebd3448b45c8.html">Leer</a><img src="http://secure-uk.imrworldwide.com/cgi-bin/m?cid=es-widgetueditorial&amp;cg=rss-expansion&amp;ci=es-widgetueditorial&amp;si=https://www.expansion.com/rss/mercados.xml" alt=""/> ]]>
</description>
<dc:creator>
<![CDATA[ A. Montoro ]]>
</dc:creator>
<link>https://www.expansion.com/empresas/banca/2024/11/13/67347ca1468aebd3448b45c8.html</link>
<category>
<![CDATA[ Banca ]]>
</category>
<category>
<![CDATA[ BBVA ]]>
</category>
<category>
<![CDATA[ Banco Sabadell ]]>
</category>
<category>
<![CDATA[ Mercados ]]>
</category>
<category>
<![CDATA[ Empresas ]]>
</category>
<media:description type="html">
<![CDATA[ Onur Genç, consejero delegado de BBVA, ha recordado este miércoles que "tenemos la opción de dar marcha atrás" a la operación en caso de que la CNMC imponga condiciones duras. ]]>
</media:description>
<media:title type="html">
<![CDATA[ BANCA|Opa hostil ]]>
</media:title>
<media:content url="https://e00-expansion.uecdn.es/assets/multimedia/imagenes/2024/11/13/17314929774605.jpg" medium="image" width="2048" height="1365"/>
<media:thumbnail url="https://e00-expansion.uecdn.es/assets/multimedia/imagenes/2024/11/13/17314929774605_150x0.jpg" width="150" height="99"/>
<media:text>ONUR GENÇ, CONSEJERO DELEGADO DE BBVA.</media:text>
<media:credit role="author">JMCadenas</media:credit>
<guid>https://www.expansion.com/empresas/banca/2024/11/13/67347ca1468aebd3448b45c8.html</guid>
<pubDate>Wed, 13 Nov 2024 11:17:18 +0100</pubDate>
</item>
<item>
<title>
<![CDATA[ HSBC aflora una nueva opción de compra entre las utilities del Ibex ]]>
</title>
<description>
<![CDATA[ Los analistas de HSBC añaden a su lista de recomendaciones para 'comprar' a un valor del Ibex que en la última semana, en pleno 'efecto Trump', ha puesto de acuerdo a tres firmas distintas a la hora de pronosticar subidas superiores al 20%.&nbsp;<a href="https://www.expansion.com/mercados/2024/11/13/673475dfe5fdea6f6b8b459e.html">Leer</a><img src="http://secure-uk.imrworldwide.com/cgi-bin/m?cid=es-widgetueditorial&amp;cg=rss-expansion&amp;ci=es-widgetueditorial&amp;si=https://www.expansion.com/rss/mercados.xml" alt=""/> ]]>
</description>
<dc:creator>
<![CDATA[ Alejandro Sánchez ]]>
</dc:creator>
<link>https://www.expansion.com/mercados/2024/11/13/673475dfe5fdea6f6b8b459e.html</link>
<category>
<![CDATA[ Mercados ]]>
</category>
<media:description type="html">
<![CDATA[ Los analistas de HSBC añaden a su lista de recomendaciones para 'comprar' a un valor del Ibex que en la última semana, en pleno 'efecto Trump', ha puesto de acuerdo a tres firmas distintas a la hora de pronosticar subidas superiores al 20%. ]]>
</media:description>
<media:title type="html">
<![CDATA[ MERCADOS ]]>
</media:title>
<media:content url="https://e00-expansion.uecdn.es/assets/multimedia/imagenes/2024/11/13/17314912572920.jpg" medium="image" width="2048" height="1365"/>
<media:thumbnail url="https://e00-expansion.uecdn.es/assets/multimedia/imagenes/2024/11/13/17314912572920_150x0.jpg" width="150" height="99"/>
<media:text>Interior de la Bolsa de Madrid</media:text>
<media:credit role="author"/>
<guid>https://www.expansion.com/mercados/2024/11/13/673475dfe5fdea6f6b8b459e.html</guid>
<pubDate>Wed, 13 Nov 2024 10:48:25 +0100</pubDate>
</item>
<item>
<title>
<![CDATA[ Cara y cruz de Barclays y JPMorgan a Telefónica ]]>
</title>
<description>
<![CDATA[ Una semana después de los resultados de Telefónica persiste el goteo de actualizaciones de perspectivas bursátiles de los analistas sobre la 'teleco'. La jornada de hoy incluye dos referencias dispares sobre el valor de la mano de Barclays y JPMorgan.&nbsp;<a href="https://www.expansion.com/mercados/2024/11/13/67345c74468aeb3c0b8b45a4.html">Leer</a><img src="http://secure-uk.imrworldwide.com/cgi-bin/m?cid=es-widgetueditorial&amp;cg=rss-expansion&amp;ci=es-widgetueditorial&amp;si=https://www.expansion.com/rss/mercados.xml" alt=""/> ]]>
</description>
<dc:creator>
<![CDATA[ Alejandro Sánchez ]]>
</dc:creator>
<link>https://www.expansion.com/mercados/2024/11/13/67345c74468aeb3c0b8b45a4.html</link>
<category>
<![CDATA[ Mercados ]]>
</category>
<media:description type="html">
<![CDATA[ Una semana después de los resultados de Telefónica persiste el goteo de actualizaciones de perspectivas bursátiles de los analistas sobre la 'teleco'. La jornada de hoy incluye dos referencias dispares sobre el valor de la mano de Barclays y JPMorgan. ]]>
</media:description>
<media:title type="html">
<![CDATA[ MERCADOS ]]>
</media:title>
<media:content url="https://e00-expansion.uecdn.es/assets/multimedia/imagenes/2024/11/13/17314894910089.jpg" medium="image" width="2048" height="1365"/>
<media:thumbnail url="https://e00-expansion.uecdn.es/assets/multimedia/imagenes/2024/11/13/17314894910089_150x0.jpg" width="150" height="99"/>
<media:text>Fachada de la sede de Telefónica</media:text>
<media:credit role="author"/>
<guid>https://www.expansion.com/mercados/2024/11/13/67345c74468aeb3c0b8b45a4.html</guid>
<pubDate>Wed, 13 Nov 2024 10:18:43 +0100</pubDate>
</item>
<item>
<title>
<![CDATA[ Sabadell sale peor parado en el Ibex que BBVA de las dudas de Competencia ]]>
</title>
<description>
<![CDATA[ Las dudas planteadas por Competencia a la opa que agita el sector bancario deja peor parado a Banco Sabadell. Sus acciones se quedan rezagadas en el Ibex respecto a las de BBVA.&nbsp;<a href="https://www.expansion.com/mercados/2024/11/13/67345793e5fdeac35d8b45a6.html">Leer</a><img src="http://secure-uk.imrworldwide.com/cgi-bin/m?cid=es-widgetueditorial&amp;cg=rss-expansion&amp;ci=es-widgetueditorial&amp;si=https://www.expansion.com/rss/mercados.xml" alt=""/> ]]>
</description>
<dc:creator>
<![CDATA[ Alejandro Sánchez ]]>
</dc:creator>
<link>https://www.expansion.com/mercados/2024/11/13/67345793e5fdeac35d8b45a6.html</link>
<category>
<![CDATA[ Mercados ]]>
</category>
<media:description type="html">
<![CDATA[ Las dudas planteadas por Competencia a la opa que agita el sector bancario deja peor parado a Banco Sabadell. Sus acciones se quedan rezagadas en el Ibex respecto a las de BBVA. ]]>
</media:description>
<media:title type="html">
<![CDATA[ MERCADOS ]]>
</media:title>
<media:content url="https://e00-expansion.uecdn.es/assets/multimedia/imagenes/2024/11/13/17314834948278.jpg" medium="image" width="2048" height="1536"/>
<media:thumbnail url="https://e00-expansion.uecdn.es/assets/multimedia/imagenes/2024/11/13/17314834948278_150x0.jpg" width="150" height="112"/>
<media:text>Sucursal de BBVA con una oficina de Sabadell de fondo</media:text>
<media:credit role="author">JMCadenas</media:credit>
<guid>https://www.expansion.com/mercados/2024/11/13/67345793e5fdeac35d8b45a6.html</guid>
<pubDate>Wed, 13 Nov 2024 08:39:04 +0100</pubDate>
</item>
<item>
<title>
<![CDATA[ ¿Cómo adapto mi cartera de inversión al nuevo escenario económico y geopolítico? ]]>
</title>
<description>
<![CDATA[ ¿Qué estrategias debo seguir para posicionar las carteras en un entorno económico y geopolítico cambiante tras las elecciones de EEUU y las bajadas de tipos de interés? ¿Qué sectores y valores se verán más favorecidos por el triunfo de Donald Trump? Ignacio Cantos-Figuerola, socio director de inversiones de atl Capital, responde a sus dudas hoy miércoles 13 de noviembre a partir de las 10 horas.&nbsp;<a href="https://www.expansion.com/encuentros/ignacio-cantos-figuerola/2024/11/13/index.html">Leer</a><img src="http://secure-uk.imrworldwide.com/cgi-bin/m?cid=es-widgetueditorial&amp;cg=rss-expansion&amp;ci=es-widgetueditorial&amp;si=https://www.expansion.com/rss/mercados.xml" alt=""/> ]]>
</description>
<dc:creator>
<![CDATA[ Expansión ]]>
</dc:creator>
<link>https://www.expansion.com/encuentros/ignacio-cantos-figuerola/2024/11/13/index.html</link>
<category>
<![CDATA[ Mercados ]]>
</category>
<category>
<![CDATA[ Ahorro ]]>
</category>
<media:description type="html">
<![CDATA[ ¿Qué estrategias debo seguir para posicionar las carteras en un entorno económico y geopolítico cambiante tras las elecciones de EEUU y las bajadas de tipos de interés? ¿Qué sectores y valores se verán más favorecidos por el triunfo de Donald Trump? Ignacio Cantos-Figuerola, socio director de inversiones de atl Capital, responde a sus dudas hoy miércoles 13 de noviembre a partir de las 10 horas. ]]>
</media:description>
<media:title type="html">
<![CDATA[ ENCUENTRO DIGITAL ]]>
</media:title>
<media:content url="https://e00-expansion.uecdn.es/assets/multimedia/imagenes/2024/03/06/17097114948945.jpg" medium="image" width="316" height="211"/>
<media:thumbnail url="https://e00-expansion.uecdn.es/assets/multimedia/imagenes/2024/03/06/17097114948945_150x0.jpg" width="150" height="100"/>
<media:text/>
<media:credit role="author"/>
<guid>https://www.expansion.com/encuentros/ignacio-cantos-figuerola/2024/11/13/index.html</guid>
<pubDate>Wed, 13 Nov 2024 07:50:36 +0100</pubDate>
</item>
<item>
<title>
<![CDATA[ Competencia complica la opa de BBVA sobre Sabadell y la alarga hasta el verano de 2025 ]]>
</title>
<description>
<![CDATA[ El paso a fase 2 activa la posibilidad de que el Gobierno, contrario a la operación, imponga después condiciones adicionales e impida la fusión posterior.&nbsp;<a href="https://www.expansion.com/empresas/banca/2024/11/12/671ff528468aeb93058b459e.html">Leer</a><img src="http://secure-uk.imrworldwide.com/cgi-bin/m?cid=es-widgetueditorial&amp;cg=rss-expansion&amp;ci=es-widgetueditorial&amp;si=https://www.expansion.com/rss/mercados.xml" alt=""/> ]]>
</description>
<dc:creator>
<![CDATA[ R. Lander / A. Montoro / A. Santamaría ]]>
</dc:creator>
<link>https://www.expansion.com/empresas/banca/2024/11/12/671ff528468aeb93058b459e.html</link>
<category>
<![CDATA[ Empresas ]]>
</category>
<category>
<![CDATA[ Banca ]]>
</category>
<category>
<![CDATA[ BBVA ]]>
</category>
<category>
<![CDATA[ Banco Sabadell ]]>
</category>
<category>
<![CDATA[ Mercados ]]>
</category>
<media:description type="html">
<![CDATA[ El paso a fase 2 activa la posibilidad de que el Gobierno, contrario a la operación, imponga después condiciones adicionales e impida la fusión posterior. ]]>
</media:description>
<media:title type="html">
<![CDATA[ BANCA ]]>
</media:title>
<media:content url="https://e00-expansion.uecdn.es/assets/multimedia/imagenes/2024/10/28/17301473950011.jpg" medium="image" width="2048" height="1365"/>
<media:thumbnail url="https://e00-expansion.uecdn.es/assets/multimedia/imagenes/2024/10/28/17301473950011_150x0.jpg" width="150" height="99"/>
<media:text>Cani Fernández, presidenta de la CNMC.</media:text>
<media:credit role="author"/>
<guid>https://www.expansion.com/empresas/banca/2024/11/12/671ff528468aeb93058b459e.html</guid>
<pubDate>Wed, 13 Nov 2024 01:34:04 +0100</pubDate>
</item>
<item>
<title>
<![CDATA[ Fondos para beneficiarse del último récord del bitcoin ]]>
</title>
<description>
<![CDATA[ El auge de las criptomonedas eleva las opciones para invertir en fondos que apuestan por divisas digitales.&nbsp;<a href="https://www.expansion.com/mercados/fondos/2024/11/13/6733d0cf468aebeb1b8b4596.html">Leer</a><img src="http://secure-uk.imrworldwide.com/cgi-bin/m?cid=es-widgetueditorial&amp;cg=rss-expansion&amp;ci=es-widgetueditorial&amp;si=https://www.expansion.com/rss/mercados.xml" alt=""/> ]]>
</description>
<dc:creator>
<![CDATA[ Sandra Sánchez ]]>
</dc:creator>
<link>https://www.expansion.com/mercados/fondos/2024/11/13/6733d0cf468aebeb1b8b4596.html</link>
<category>
<![CDATA[ Fondos de Inversión ]]>
</category>
<category>
<![CDATA[ Mercados ]]>
</category>
<media:description type="html">
<![CDATA[ El auge de las criptomonedas eleva las opciones para invertir en fondos que apuestan por divisas digitales. ]]>
</media:description>
<media:title type="html">
<![CDATA[ FONDOS ]]>
</media:title>
<media:content url="https://e00-expansion.uecdn.es/assets/multimedia/imagenes/2024/06/06/17176657137236.jpg" medium="image" width="2048" height="1296"/>
<media:thumbnail url="https://e00-expansion.uecdn.es/assets/multimedia/imagenes/2024/06/06/17176657137236_150x0.jpg" width="150" height="94"/>
<media:text>El bitcoin llegó a tocar durante la jornada de ayer los 88.014 dólares.</media:text>
<media:credit role="author">DREAMSTIME</media:credit>
<guid>https://www.expansion.com/mercados/fondos/2024/11/13/6733d0cf468aebeb1b8b4596.html</guid>
<pubDate>Wed, 13 Nov 2024 01:30:46 +0100</pubDate>
</item>
<item>
<title>
<![CDATA[ Por qué Buffett va a contracorriente del mercado ]]>
</title>
<description>
<![CDATA[ Con Wall Street en máximos históricos, Berkshire Hathaway, el brazo inversor de Warren Buffett, está deshaciendo posiciones en algunas de sus inversiones clásicas y acumulando efectivo.&nbsp;<a href="https://www.expansion.com/mercados/2024/11/13/67333946e5fdea55508b45b1.html">Leer</a><img src="http://secure-uk.imrworldwide.com/cgi-bin/m?cid=es-widgetueditorial&amp;cg=rss-expansion&amp;ci=es-widgetueditorial&amp;si=https://www.expansion.com/rss/mercados.xml" alt=""/> ]]>
</description>
<dc:creator>
<![CDATA[ Manuel de la Cruz ]]>
</dc:creator>
<link>https://www.expansion.com/mercados/2024/11/13/67333946e5fdea55508b45b1.html</link>
<category>
<![CDATA[ Mercados ]]>
</category>
<category>
<![CDATA[ Warren Buffett ]]>
</category>
<media:description type="html">
<![CDATA[ Con Wall Street en máximos históricos, Berkshire Hathaway, el brazo inversor de Warren Buffett, está deshaciendo posiciones en algunas de sus inversiones clásicas y acumulando efectivo. ]]>
</media:description>
<media:title type="html">
<![CDATA[ MERCADOS ]]>
</media:title>
<media:content url="https://e00-expansion.uecdn.es/assets/multimedia/imagenes/2024/11/12/17314099991504.jpg" medium="image" width="1920" height="1080"/>
<media:thumbnail url="https://e00-expansion.uecdn.es/assets/multimedia/imagenes/2024/11/12/17314099991504_150x0.jpg" width="150" height="84"/>
<media:text>Warren Buffett.</media:text>
<media:credit role="author"/>
<guid>https://www.expansion.com/mercados/2024/11/13/67333946e5fdea55508b45b1.html</guid>
<pubDate>Wed, 13 Nov 2024 01:30:31 +0100</pubDate>
</item>
<item>
<title>
<![CDATA[ La Bolsa española es la favorita de los grandes gestores ]]>
</title>
<description>
<![CDATA[ Los inversores son más optimistas sobre Europa al calor de la esperada fortaleza de EEUU y apuestan por sanidad, tecnología y seguros.&nbsp;<a href="https://www.expansion.com/mercados/2024/11/13/6733d347e5fdea57388b458f.html">Leer</a><img src="http://secure-uk.imrworldwide.com/cgi-bin/m?cid=es-widgetueditorial&amp;cg=rss-expansion&amp;ci=es-widgetueditorial&amp;si=https://www.expansion.com/rss/mercados.xml" alt=""/> ]]>
</description>
<dc:creator>
<![CDATA[ Expansión ]]>
</dc:creator>
<link>https://www.expansion.com/mercados/2024/11/13/6733d347e5fdea57388b458f.html</link>
<category>
<![CDATA[ Mercados ]]>
</category>
<media:description type="html">
<![CDATA[ Los inversores son más optimistas sobre Europa al calor de la esperada fortaleza de EEUU y apuestan por sanidad, tecnología y seguros. ]]>
</media:description>
<media:title type="html">
<![CDATA[ MERCADOS ]]>
</media:title>
<media:content url="https://e00-expansion.uecdn.es/assets/multimedia/imagenes/2024/11/12/17314516319951.jpg" medium="image" width="2048" height="1506"/>
<media:thumbnail url="https://e00-expansion.uecdn.es/assets/multimedia/imagenes/2024/11/12/17314516319951_150x0.jpg" width="150" height="110"/>
<media:text>La Bolsa española desbanca a la británica como favorita en Europa.</media:text>
<media:credit role="author"/>
<guid>https://www.expansion.com/mercados/2024/11/13/6733d347e5fdea57388b458f.html</guid>
<pubDate>Wed, 13 Nov 2024 01:09:08 +0100</pubDate>
</item>
<item>
<title>
<![CDATA[ El 'efecto Trump' acerca la paridad del euro con el dólar ]]>
</title>
<description>
<![CDATA[ Una semana ha bastado para disparar la cotización del dólar a máximos anuales frente al euro. Los analistas, lejos de augurar un freno, coinciden en dar más recorrido alcista al rally de la divisa estadounidense.&nbsp;<a href="https://www.expansion.com/mercados/divisas/2024/11/13/67335183e5fdea86608b456f.html">Leer</a><img src="http://secure-uk.imrworldwide.com/cgi-bin/m?cid=es-widgetueditorial&amp;cg=rss-expansion&amp;ci=es-widgetueditorial&amp;si=https://www.expansion.com/rss/mercados.xml" alt=""/> ]]>
</description>
<dc:creator>
<![CDATA[ Alejandro Sánchez ]]>
</dc:creator>
<link>https://www.expansion.com/mercados/divisas/2024/11/13/67335183e5fdea86608b456f.html</link>
<category>
<![CDATA[ Mercados ]]>
</category>
<category>
<![CDATA[ Divisas ]]>
</category>
<media:description type="html">
<![CDATA[ Una semana ha bastado para disparar la cotización del dólar a máximos anuales frente al euro. Los analistas, lejos de augurar un freno, coinciden en dar más recorrido alcista al rally de la divisa estadounidense. ]]>
</media:description>
<media:title type="html">
<![CDATA[ DIVISAS ]]>
</media:title>
<media:content url="https://e00-expansion.uecdn.es/assets/multimedia/imagenes/2022/08/22/16611633590249.jpg" medium="image" width="2048" height="1365"/>
<media:thumbnail url="https://e00-expansion.uecdn.es/assets/multimedia/imagenes/2022/08/22/16611633590249_150x0.jpg" width="150" height="99"/>
<media:text>Montaje con billetes de dólar y monedas de euro entre cotizaciones</media:text>
<media:credit role="author"/>
<guid>https://www.expansion.com/mercados/divisas/2024/11/13/67335183e5fdea86608b456f.html</guid>
<pubDate>Wed, 13 Nov 2024 01:07:41 +0100</pubDate>
</item>
<item>
<title>
<![CDATA[ El precedente trumpista de 2018 que hace temblar el Ibex y las bolsas europeas ]]>
</title>
<description>
<![CDATA[ &nbsp;<a href="https://www.expansion.com/mercados/2024/11/12/673392f3468aebec638b457d.html">Leer</a><img src="http://secure-uk.imrworldwide.com/cgi-bin/m?cid=es-widgetueditorial&amp;cg=rss-expansion&amp;ci=es-widgetueditorial&amp;si=https://www.expansion.com/rss/mercados.xml" alt=""/> ]]>
</description>
<dc:creator>
<![CDATA[ Roberto Casado ]]>
</dc:creator>
<link>https://www.expansion.com/mercados/2024/11/12/673392f3468aebec638b457d.html</link>
<category>
<![CDATA[ El foco del día ]]>
</category>
<category>
<![CDATA[ Mercados ]]>
</category>
<category>
<![CDATA[ Donald Trump ]]>
</category>
<category>
<![CDATA[ Estados Unidos ]]>
</category>
<media:description type="html">
<![CDATA[ El nombre de <strong>Robert Lighthizer</strong> vuelve a causar sudores fríos a los inversores en las bolsas europeas, incluida el Ibex. ]]>
</media:description>
<media:title type="html">
<![CDATA[ EL FOCO DEL DÍA ]]>
</media:title>
<media:content url="https://e00-expansion.uecdn.es/assets/multimedia/imagenes/2024/11/12/17314331346761.jpg" medium="image" width="2048" height="1365"/>
<media:thumbnail url="https://e00-expansion.uecdn.es/assets/multimedia/imagenes/2024/11/12/17314331346761_150x0.jpg" width="150" height="99"/>
<media:text>Robert Lighthizer, candidato a representante comercial de Estados Unidos en la administración de Donald Trump.</media:text>
<media:credit role="author">Al Drago</media:credit>
<guid>https://www.expansion.com/mercados/2024/11/12/673392f3468aebec638b457d.html</guid>
<pubDate>Tue, 12 Nov 2024 20:46:04 +0100</pubDate>
</item>
<item>
<title>
<![CDATA[ Neinor anuncia un dividendo de 1,65 euros y repartirá 125 millones a sus accionistas ]]>
</title>
<description>
<![CDATA[ La compañía ya ha realizdo dos pagos en julio y octubre de 75 millones y ahora desembolsará 125 millones de euros entre sus inversores. Su rentabilidad por dividendo asciende hasta el 11%.&nbsp;<a href="https://www.expansion.com/ahorro/2024/11/12/67339e21e5fdea8f788b4589.html">Leer</a><img src="http://secure-uk.imrworldwide.com/cgi-bin/m?cid=es-widgetueditorial&amp;cg=rss-expansion&amp;ci=es-widgetueditorial&amp;si=https://www.expansion.com/rss/mercados.xml" alt=""/> ]]>
</description>
<dc:creator>
<![CDATA[ D.Esperanza ]]>
</dc:creator>
<link>https://www.expansion.com/ahorro/2024/11/12/67339e21e5fdea8f788b4589.html</link>
<category>
<![CDATA[ Mercados ]]>
</category>
<category>
<![CDATA[ Dividendos ]]>
</category>
<media:description type="html">
<![CDATA[ La compañía ya ha realizdo dos pagos en julio y octubre de 75 millones y ahora desembolsará 125 millones de euros entre sus inversores. Su rentabilidad por dividendo asciende hasta el 11%. ]]>
</media:description>
<media:title type="html">
<![CDATA[ AHORRO E INVERSIÓN ]]>
</media:title>
<media:content url="https://e00-expansion.uecdn.es/assets/multimedia/imagenes/2024/11/12/17314354171944.jpg" medium="image" width="2048" height="1522"/>
<media:thumbnail url="https://e00-expansion.uecdn.es/assets/multimedia/imagenes/2024/11/12/17314354171944_150x0.jpg" width="150" height="111"/>
<media:text>Promoción de alquiler de Neinor.</media:text>
<media:credit role="author">Alvaro Viera</media:credit>
<guid>https://www.expansion.com/ahorro/2024/11/12/67339e21e5fdea8f788b4589.html</guid>
<pubDate>Tue, 12 Nov 2024 19:48:46 +0100</pubDate>
</item>
<item>
<title>
<![CDATA[ BBVA-Sabadell: así son las duras consecuencias del envío de la opa hostil a la Fase 2 ]]>
</title>
<description>
<![CDATA[ La investigación en profundidad de la operación conduce a varios meses de incertidumbre, acceso al trámite de otras partes interesadas, veto o duras condiciones y un rol final relevante del Consejo de Ministros.&nbsp;<a href="https://www.expansion.com/empresas/banca/2024/11/12/67338f06468aeb8b7b8b458c.html">Leer</a><img src="http://secure-uk.imrworldwide.com/cgi-bin/m?cid=es-widgetueditorial&amp;cg=rss-expansion&amp;ci=es-widgetueditorial&amp;si=https://www.expansion.com/rss/mercados.xml" alt=""/> ]]>
</description>
<dc:creator>
<![CDATA[ Roberto Casado ]]>
</dc:creator>
<link>https://www.expansion.com/empresas/banca/2024/11/12/67338f06468aeb8b7b8b458c.html</link>
<category>
<![CDATA[ Banca ]]>
</category>
<category>
<![CDATA[ BBVA ]]>
</category>
<category>
<![CDATA[ Banco Sabadell ]]>
</category>
<category>
<![CDATA[ Fusiones y Adquisiciones ]]>
</category>
<category>
<![CDATA[ Mercados ]]>
</category>
<media:description type="html">
<![CDATA[ La investigación en profundidad de la operación conduce a varios meses de incertidumbre, acceso al trámite de otras partes interesadas, veto o duras condiciones y un rol final relevante del Consejo de Ministros. ]]>
</media:description>
<media:title type="html">
<![CDATA[ FUSIONES Y ADQUISICIONES ]]>
</media:title>
<media:content url="https://e00-expansion.uecdn.es/assets/multimedia/imagenes/2024/11/12/17314313068261.jpg" medium="image" width="1754" height="1403"/>
<media:thumbnail url="https://e00-expansion.uecdn.es/assets/multimedia/imagenes/2024/11/12/17314313068261_150x0.jpg" width="150" height="119"/>
<media:text>Carlos Torres y Josep Oliu, presidentes de BBVA y Sabadell, durante la reciente toma de posesión de José Luis Escrivá como gobernador del Banco de España.</media:text>
<media:credit role="author">JMCadenas</media:credit>
<guid>https://www.expansion.com/empresas/banca/2024/11/12/67338f06468aeb8b7b8b458c.html</guid>
<pubDate>Tue, 12 Nov 2024 18:27:23 +0100</pubDate>
</item>
<item>
<title>
<![CDATA[ Coinbase: sólo es cuestión de tiempo que ataque sus máximos ]]>
</title>
<description>
<![CDATA[ Los títulos del exchange de criptomonedas más grande de los Estados Unidos se revalorizan en el año un 86%.&nbsp;<a href="https://www.expansion.com/mercados/2024/11/12/67334483e5fdea85178b4576.html">Leer</a><img src="http://secure-uk.imrworldwide.com/cgi-bin/m?cid=es-widgetueditorial&amp;cg=rss-expansion&amp;ci=es-widgetueditorial&amp;si=https://www.expansion.com/rss/mercados.xml" alt=""/> ]]>
</description>
<dc:creator>
<![CDATA[ JOSÉ MARÍA RODRÍGUEZ ]]>
</dc:creator>
<link>https://www.expansion.com/mercados/2024/11/12/67334483e5fdea85178b4576.html</link>
<category>
<![CDATA[ Mercados ]]>
</category>
<category>
<![CDATA[ Bitcoin ]]>
</category>
<media:description type="html">
<![CDATA[ Los títulos del exchange de criptomonedas más grande de los Estados Unidos se revalorizan en el año un 86%. ]]>
</media:description>
<media:title type="html">
<![CDATA[ MERCADOS ]]>
</media:title>
<media:content url="https://e00-expansion.uecdn.es/assets/multimedia/imagenes/2024/11/12/17314134098026.jpg" medium="image" width="1903" height="867"/>
<media:thumbnail url="https://e00-expansion.uecdn.es/assets/multimedia/imagenes/2024/11/12/17314134098026_150x0.jpg" width="150" height="68"/>
<media:text>Evolución histórica semanal de Coinbase</media:text>
<media:credit role="author"/>
<guid>https://www.expansion.com/mercados/2024/11/12/67334483e5fdea85178b4576.html</guid>
<pubDate>Tue, 12 Nov 2024 15:24:20 +0100</pubDate>
</item>
<item>
<title>
<![CDATA[ Cox rebaja sus expectativas de salida a Bolsa ]]>
</title>
<description>
<![CDATA[ Cox, el grupo de infraestructuras de renovables y de tratamiento de aguas, ha rebajado sus expectativas de cara a su salida a Bolsa, prevista para este jueves, al reducir la horquilla de acciones que espera colocar.&nbsp;<a href="https://www.expansion.com/empresas/energia/2024/11/12/67335be3e5fdeab85a8b457a.html">Leer</a><img src="http://secure-uk.imrworldwide.com/cgi-bin/m?cid=es-widgetueditorial&amp;cg=rss-expansion&amp;ci=es-widgetueditorial&amp;si=https://www.expansion.com/rss/mercados.xml" alt=""/> ]]>
</description>
<dc:creator>
<![CDATA[ Miguel Á. Patiño / Mª Luisa Verbo ]]>
</dc:creator>
<link>https://www.expansion.com/empresas/energia/2024/11/12/67335be3e5fdeab85a8b457a.html</link>
<category>
<![CDATA[ Empresas ]]>
</category>
<category>
<![CDATA[ Energía ]]>
</category>
<category>
<![CDATA[ Mercados ]]>
</category>
<category>
<![CDATA[ Bolsa ]]>
</category>
<media:description type="html">
<![CDATA[ Cox, el grupo de infraestructuras de renovables y de tratamiento de aguas, ha rebajado sus expectativas de cara a su salida a Bolsa, prevista para este jueves, al reducir la horquilla de acciones que espera colocar. ]]>
</media:description>
<media:title type="html">
<![CDATA[ ENERGÍA ]]>
</media:title>
<media:content url="https://e00-expansion.uecdn.es/assets/multimedia/imagenes/2024/10/15/17289830218357.jpg" medium="image" width="1688" height="2287"/>
<media:thumbnail url="https://e00-expansion.uecdn.es/assets/multimedia/imagenes/2024/10/15/17289830218357_150x0.jpg" width="150" height="203"/>
<media:text>Enrique Riquelme, presidente ejecutivo de Cox.</media:text>
<media:credit role="author"/>
<guid>https://www.expansion.com/empresas/energia/2024/11/12/67335be3e5fdeab85a8b457a.html</guid>
<pubDate>Tue, 12 Nov 2024 14:47:03 +0100</pubDate>
</item>
<item>
<title>
<![CDATA[ Inmocemento debuta en Bolsa con caídas del 8% ]]>
</title>
<description>
<![CDATA[ Las acciones de la empresa cementera, escindida de FCC, han debutado hoy en la Bolsa española con una caída del 8% respecto a los 4,25 euros por acción fijados como referencia para su estreno.&nbsp;<a href="https://www.expansion.com/mercados/2024/11/12/673340a0468aeb5e3d8b45aa.html">Leer</a><img src="http://secure-uk.imrworldwide.com/cgi-bin/m?cid=es-widgetueditorial&amp;cg=rss-expansion&amp;ci=es-widgetueditorial&amp;si=https://www.expansion.com/rss/mercados.xml" alt=""/> ]]>
</description>
<dc:creator>
<![CDATA[ EXPANSIÓN ]]>
</dc:creator>
<link>https://www.expansion.com/mercados/2024/11/12/673340a0468aeb5e3d8b45aa.html</link>
<category>
<![CDATA[ Mercados ]]>
</category>
<media:description type="html">
<![CDATA[ Las acciones de la empresa cementera, escindida de FCC, han debutado hoy en la Bolsa española con una caída del 8% respecto a los 4,25 euros por acción fijados como referencia para su estreno. ]]>
</media:description>
<media:title type="html">
<![CDATA[ MERCADOS ]]>
</media:title>
<media:content url="https://e00-expansion.uecdn.es/assets/multimedia/imagenes/2024/11/12/17314121027104.jpg" medium="image" width="2048" height="1365"/>
<media:thumbnail url="https://e00-expansion.uecdn.es/assets/multimedia/imagenes/2024/11/12/17314121027104_150x0.jpg" width="150" height="99"/>
<media:text>Interior de la Bolsa de Madrid</media:text>
<media:credit role="author"/>
<guid>https://www.expansion.com/mercados/2024/11/12/673340a0468aeb5e3d8b45aa.html</guid>
<pubDate>Tue, 12 Nov 2024 12:48:58 +0100</pubDate>
</item>
<item>
<title>
<![CDATA[ El Tesoro coloca 1.840 millones en letras a 3 y 9 meses a tipos más bajos ]]>
</title>
<description>
<![CDATA[ Después de que en las últimas semanas el Tesoro tuviera que elevar la rentabilidad de la deuda que emitía, en la subasta de letras a 3 y 9 meses de hoy ha colocado 1.840 millones de euros a tipos más bajos.&nbsp;<a href="https://www.expansion.com/mercados/renta-fija/2024/11/12/673332be468aebd3448b4579.html">Leer</a><img src="http://secure-uk.imrworldwide.com/cgi-bin/m?cid=es-widgetueditorial&amp;cg=rss-expansion&amp;ci=es-widgetueditorial&amp;si=https://www.expansion.com/rss/mercados.xml" alt=""/> ]]>
</description>
<dc:creator>
<![CDATA[ M. de la Cruz ]]>
</dc:creator>
<link>https://www.expansion.com/mercados/renta-fija/2024/11/12/673332be468aebd3448b4579.html</link>
<category>
<![CDATA[ Mercados ]]>
</category>
<category>
<![CDATA[ Renta Fija ]]>
</category>
<media:description type="html">
<![CDATA[ Después de que en las últimas semanas el Tesoro tuviera que elevar la rentabilidad de la deuda que emitía, en la subasta de letras a 3 y 9 meses de hoy ha colocado 1.840 millones de euros a tipos más bajos. ]]>
</media:description>
<media:title type="html">
<![CDATA[ RENTA FIJA ]]>
</media:title>
<media:content url="https://e00-expansion.uecdn.es/assets/multimedia/imagenes/2023/04/21/16820773767966.jpg" medium="image" width="2048" height="921"/>
<media:thumbnail url="https://e00-expansion.uecdn.es/assets/multimedia/imagenes/2023/04/21/16820773767966_150x0.jpg" width="150" height="67"/>
<media:text>Banco de España.</media:text>
<media:credit role="author">JMCadenas</media:credit>
<guid>https://www.expansion.com/mercados/renta-fija/2024/11/12/673332be468aebd3448b4579.html</guid>
<pubDate>Tue, 12 Nov 2024 11:50:04 +0100</pubDate>
</item>
<item>
<title>
<![CDATA[ Puig Brands mira de reojo a los mínimos históricos ]]>
</title>
<description>
<![CDATA[ Los títulos de la multinacional española de fragancias y cosméticos acumulan una caída del 12% desde los máximos intradía de finales de octubre.&nbsp;<a href="https://www.expansion.com/mercados/2024/11/12/67331ed5468aeb1c328b4595.html">Leer</a><img src="http://secure-uk.imrworldwide.com/cgi-bin/m?cid=es-widgetueditorial&amp;cg=rss-expansion&amp;ci=es-widgetueditorial&amp;si=https://www.expansion.com/rss/mercados.xml" alt=""/> ]]>
</description>
<dc:creator>
<![CDATA[ JOSÉ MARÍA RODRÍGUEZ ]]>
</dc:creator>
<link>https://www.expansion.com/mercados/2024/11/12/67331ed5468aeb1c328b4595.html</link>
<category>
<![CDATA[ Mercados ]]>
</category>
<category>
<![CDATA[ Lujo ]]>
</category>
<media:description type="html">
<![CDATA[ Los títulos de la multinacional española de fragancias y cosméticos acumulan una caída del 12% desde los máximos intradía de finales de octubre. ]]>
</media:description>
<media:title type="html">
<![CDATA[ MERCADOS ]]>
</media:title>
<media:content url="https://e00-expansion.uecdn.es/assets/multimedia/imagenes/2024/11/12/17314035253612.jpg" medium="image" width="1918" height="879"/>
<media:thumbnail url="https://e00-expansion.uecdn.es/assets/multimedia/imagenes/2024/11/12/17314035253612_150x0.jpg" width="150" height="68"/>
<media:text>Evolución histórica diaria de Puig Brands</media:text>
<media:credit role="author"/>
<guid>https://www.expansion.com/mercados/2024/11/12/67331ed5468aeb1c328b4595.html</guid>
<pubDate>Tue, 12 Nov 2024 11:26:19 +0100</pubDate>
</item>
<item>
<title>
<![CDATA[ El bitcoin roza los 90.000 dólares y el dogecoin vuela con el 'efecto Trump' ]]>
</title>
<description>
<![CDATA[ Los mercados dan un nuevo acelerón al llamado 'Trump trade', y el mercado cripto sobresale como el más favorecido. Las entradas millonarias a través de los ETF impulsan al bitcoin a nuevos récords al filo de los 90.000 dólares, y los inversores más especulativos disparan las compras en dogecoin.&nbsp;<a href="https://www.expansion.com/mercados/criptomonedas/2024/11/12/67332c39468aeb990b8b465b.html">Leer</a><img src="http://secure-uk.imrworldwide.com/cgi-bin/m?cid=es-widgetueditorial&amp;cg=rss-expansion&amp;ci=es-widgetueditorial&amp;si=https://www.expansion.com/rss/mercados.xml" alt=""/> ]]>
</description>
<dc:creator>
<![CDATA[ Alejandro Sánchez ]]>
</dc:creator>
<link>https://www.expansion.com/mercados/criptomonedas/2024/11/12/67332c39468aeb990b8b465b.html</link>
<category>
<![CDATA[ Mercados ]]>
</category>
<category>
<![CDATA[ criptomonedas ]]>
</category>
<category>
<![CDATA[ Bitcoin ]]>
</category>
<media:description type="html">
<![CDATA[ Los mercados dan un nuevo acelerón al llamado 'Trump trade', y el mercado cripto sobresale como el más favorecido. Las entradas millonarias a través de los ETF impulsan al bitcoin a nuevos récords al filo de los 90.000 dólares, y los inversores más especulativos disparan las compras en dogecoin. ]]>
</media:description>
<media:title type="html">
<![CDATA[ CRIPTOMONEDAS ]]>
</media:title>
<media:content url="https://e00-expansion.uecdn.es/assets/multimedia/imagenes/2024/11/12/17314068046356.jpg" medium="image" width="2048" height="1368"/>
<media:thumbnail url="https://e00-expansion.uecdn.es/assets/multimedia/imagenes/2024/11/12/17314068046356_150x0.jpg" width="150" height="100"/>
<media:text>Monitor con la subida del bitcoin en Corea del Sur</media:text>
<media:credit role="author"/>
<guid>https://www.expansion.com/mercados/criptomonedas/2024/11/12/67332c39468aeb990b8b465b.html</guid>
<pubDate>Tue, 12 Nov 2024 11:21:50 +0100</pubDate>
</item>
<item>
<title>
<![CDATA[ Amadeus y el muro infranqueable de los 68 euros ]]>
</title>
<description>
<![CDATA[ Los títulos de la compañía proveedora de soluciones tecnológicas para la industria de los viajes llevan desplazándose lateralmente en un rango muy estrecho desde hace casi un mes.&nbsp;<a href="https://www.expansion.com/mercados/2024/11/12/67330da0468aeb990b8b4647.html">Leer</a><img src="http://secure-uk.imrworldwide.com/cgi-bin/m?cid=es-widgetueditorial&amp;cg=rss-expansion&amp;ci=es-widgetueditorial&amp;si=https://www.expansion.com/rss/mercados.xml" alt=""/> ]]>
</description>
<dc:creator>
<![CDATA[ JOSÉ MARÍA RODRÍGUEZ ]]>
</dc:creator>
<link>https://www.expansion.com/mercados/2024/11/12/67330da0468aeb990b8b4647.html</link>
<category>
<![CDATA[ Mercados ]]>
</category>
<media:description type="html">
<![CDATA[ Los títulos de la compañía proveedora de soluciones tecnológicas para la industria de los viajes llevan desplazándose lateralmente en un rango muy estrecho desde hace casi un mes. ]]>
</media:description>
<media:title type="html">
<![CDATA[ MERCADOS ]]>
</media:title>
<media:content url="https://e00-expansion.uecdn.es/assets/multimedia/imagenes/2024/11/12/17314005224181.jpg" medium="image" width="1919" height="867"/>
<media:thumbnail url="https://e00-expansion.uecdn.es/assets/multimedia/imagenes/2024/11/12/17314005224181_150x0.jpg" width="150" height="67"/>
<media:text>Gráfico semanal de Amadeus desde mayo de 2019</media:text>
<media:credit role="author"/>
<guid>https://www.expansion.com/mercados/2024/11/12/67330da0468aeb990b8b4647.html</guid>
<pubDate>Tue, 12 Nov 2024 09:37:35 +0100</pubDate>
</item>
<item>
<title>
<![CDATA[ ¿Qué busca el dueño de BME con la opa lanzada a la plataforma alternativa Aquis? ]]>
</title>
<description>
<![CDATA[ Las acciones de Aquis se dispararon ayer en Bolsa un 113,6%, hasta los 705 peniques, pero aún están por debajo de los 727 que ofrece SIX. El dueño de BME sale de compras en su segunda mayor adquisición desde 2020 y espera con esta ganar potencia en los mercados bursátiles.&nbsp;<a href="https://www.expansion.com/mercados/2024/11/12/67321c5a468aebaa678b4583.html">Leer</a><img src="http://secure-uk.imrworldwide.com/cgi-bin/m?cid=es-widgetueditorial&amp;cg=rss-expansion&amp;ci=es-widgetueditorial&amp;si=https://www.expansion.com/rss/mercados.xml" alt=""/> ]]>
</description>
<dc:creator>
<![CDATA[ C. Rosique ]]>
</dc:creator>
<link>https://www.expansion.com/mercados/2024/11/12/67321c5a468aebaa678b4583.html</link>
<category>
<![CDATA[ Mercados ]]>
</category>
<media:description type="html">
<![CDATA[ Las acciones de Aquis se dispararon ayer en Bolsa un 113,6%, hasta los 705 peniques, pero aún están por debajo de los 727 que ofrece SIX. El dueño de BME sale de compras en su segunda mayor adquisición desde 2020 y espera con esta ganar potencia en los mercados bursátiles. ]]>
</media:description>
<media:title type="html">
<![CDATA[ MERCADOS ]]>
</media:title>
<media:content url="https://e00-expansion.uecdn.es/assets/multimedia/imagenes/2024/11/11/17313373364335.jpg" medium="image" width="1068" height="756"/>
<media:thumbnail url="https://e00-expansion.uecdn.es/assets/multimedia/imagenes/2024/11/11/17313373364335_150x0.jpg" width="150" height="106"/>
<media:text>Bjørn Sibbern, responsable del negocio de Bolsas de Grupo SIX.</media:text>
<media:credit role="author"/>
<guid>https://www.expansion.com/mercados/2024/11/12/67321c5a468aebaa678b4583.html</guid>
<pubDate>Tue, 12 Nov 2024 09:34:46 +0100</pubDate>
</item>
<item>
<title>
<![CDATA[ El "golpe fiscal" castiga en el Ibex a Merlin y Colonial y amenaza sus dividendos ]]>
</title>
<description>
<![CDATA[ Las dos Socimis registran por momentos las mayores caídas del día en el Ibex. Los analistas ponen en el punto de mira a Merlin y Colonial ante los efectos sobre la generación de caja y los dividendos que tendría el "golpe fiscal" al sector que avanza el Gobierno.&nbsp;<a href="https://www.expansion.com/mercados/2024/11/12/673311f9468aeb990b8b464e.html">Leer</a><img src="http://secure-uk.imrworldwide.com/cgi-bin/m?cid=es-widgetueditorial&amp;cg=rss-expansion&amp;ci=es-widgetueditorial&amp;si=https://www.expansion.com/rss/mercados.xml" alt=""/> ]]>
</description>
<dc:creator>
<![CDATA[ Alejandro Sánchez ]]>
</dc:creator>
<link>https://www.expansion.com/mercados/2024/11/12/673311f9468aeb990b8b464e.html</link>
<category>
<![CDATA[ Mercados ]]>
</category>
<media:description type="html">
<![CDATA[ Las dos Socimis registran por momentos las mayores caídas del día en el Ibex. Los analistas ponen en el punto de mira a Merlin y Colonial ante los efectos sobre la generación de caja y los dividendos que tendría el "golpe fiscal" al sector que avanza el Gobierno. ]]>
</media:description>
<media:title type="html">
<![CDATA[ MERCADOS ]]>
</media:title>
<media:content url="https://e00-expansion.uecdn.es/assets/multimedia/imagenes/2023/04/26/16824902931027.jpg" medium="image" width="2048" height="1323"/>
<media:thumbnail url="https://e00-expansion.uecdn.es/assets/multimedia/imagenes/2023/04/26/16824902931027_150x0.jpg" width="150" height="96"/>
<media:text>Imagen de un edificio propiedad de Merlin</media:text>
<media:credit role="author"/>
<guid>https://www.expansion.com/mercados/2024/11/12/673311f9468aeb990b8b464e.html</guid>
<pubDate>Tue, 12 Nov 2024 09:29:50 +0100</pubDate>
</item>
<item>
<title>
<![CDATA[ Los analistas estrechan el rango de valoraciones de Grifols tras los resultados ]]>
</title>
<description>
<![CDATA[ Los resultados publicados la semana pasada por Grifols reducen la disparidad que reflejaban las valoraciones de los analistas. Los últimos precios objetivos emitidos por las firmas vaticinan movimientos más contenidos en Bolsa, tanto al alza como a la baja.&nbsp;<a href="https://www.expansion.com/mercados/2024/11/12/673308aa468aebb5528b45ab.html">Leer</a><img src="http://secure-uk.imrworldwide.com/cgi-bin/m?cid=es-widgetueditorial&amp;cg=rss-expansion&amp;ci=es-widgetueditorial&amp;si=https://www.expansion.com/rss/mercados.xml" alt=""/> ]]>
</description>
<dc:creator>
<![CDATA[ Alejandro Sánchez ]]>
</dc:creator>
<link>https://www.expansion.com/mercados/2024/11/12/673308aa468aebb5528b45ab.html</link>
<category>
<![CDATA[ Mercados ]]>
</category>
<media:description type="html">
<![CDATA[ Los resultados publicados la semana pasada por Grifols reducen la disparidad que reflejaban las valoraciones de los analistas. Los últimos precios objetivos emitidos por las firmas vaticinan movimientos más contenidos en Bolsa, tanto al alza como a la baja. ]]>
</media:description>
<media:title type="html">
<![CDATA[ MERCADOS ]]>
</media:title>
<media:content url="https://e00-expansion.uecdn.es/assets/multimedia/imagenes/2024/11/12/17313978929460.jpg" medium="image" width="2048" height="1365"/>
<media:thumbnail url="https://e00-expansion.uecdn.es/assets/multimedia/imagenes/2024/11/12/17313978929460_150x0.jpg" width="150" height="99"/>
<media:text>Sede de Grifols</media:text>
<media:credit role="author"/>
<guid>https://www.expansion.com/mercados/2024/11/12/673308aa468aebb5528b45ab.html</guid>
<pubDate>Tue, 12 Nov 2024 08:53:05 +0100</pubDate>
</item>
<item>
<title>
<![CDATA[ IAG arrebata a Banco Sabadell la medalla de mejor valor del Ibex en 2024 ]]>
</title>
<description>
<![CDATA[ IAG se convirtió ayer en el valor más alcista del Ibex en lo que va de año, con un alza del 62,38%, con lo que le arrebató el puesto a Banco Sabadell, que suma un 59,25% y que se había mantenido líder buena parte del año.&nbsp;<a href="https://www.expansion.com/mercados/2024/11/12/673242c2e5fdeacc5f8b458b.html">Leer</a><img src="http://secure-uk.imrworldwide.com/cgi-bin/m?cid=es-widgetueditorial&amp;cg=rss-expansion&amp;ci=es-widgetueditorial&amp;si=https://www.expansion.com/rss/mercados.xml" alt=""/> ]]>
</description>
<dc:creator>
<![CDATA[ C. Rosique ]]>
</dc:creator>
<link>https://www.expansion.com/mercados/2024/11/12/673242c2e5fdeacc5f8b458b.html</link>
<category>
<![CDATA[ Mercados ]]>
</category>
<media:description type="html">
<![CDATA[ IAG se convirtió ayer en el valor más alcista del Ibex en lo que va de año, con un alza del 62,38%, con lo que le arrebató el puesto a Banco Sabadell, que suma un 59,25% y que se había mantenido líder buena parte del año. ]]>
</media:description>
<media:title type="html">
<![CDATA[ MERCADOS ]]>
</media:title>
<media:content url="https://e00-expansion.uecdn.es/assets/multimedia/imagenes/2024/11/11/17313499498976.jpg" medium="image" width="1264" height="933"/>
<media:thumbnail url="https://e00-expansion.uecdn.es/assets/multimedia/imagenes/2024/11/11/17313499498976_150x0.jpg" width="150" height="110"/>
<media:text>Avión de Iberia.</media:text>
<media:credit role="author">DREAMSTIME</media:credit>
<guid>https://www.expansion.com/mercados/2024/11/12/673242c2e5fdeacc5f8b458b.html</guid>
<pubDate>Tue, 12 Nov 2024 01:30:22 +0100</pubDate>
</item>
<item>
<title>
<![CDATA[ Los candidatos variopintos a sustituir a Jerome Powell al frente de la Fed ]]>
</title>
<description>
<![CDATA[ El futuro del presidente de la Reserva Federal está en el aire después del triunfo abrumador de Donald Trump. Los mercados de divisas, deuda, renta variable y criptomonedas permanecen en guardia, y las firmas de análisis comienzan a realizar sus quinielas sobre los candidatos ante un eventual relevo al frente de la Fed.&nbsp;<a href="https://www.expansion.com/mercados/2024/11/12/6731f4a0468aeb246d8b4589.html">Leer</a><img src="http://secure-uk.imrworldwide.com/cgi-bin/m?cid=es-widgetueditorial&amp;cg=rss-expansion&amp;ci=es-widgetueditorial&amp;si=https://www.expansion.com/rss/mercados.xml" alt=""/> ]]>
</description>
<dc:creator>
<![CDATA[ Alejandro Sánchez ]]>
</dc:creator>
<link>https://www.expansion.com/mercados/2024/11/12/6731f4a0468aeb246d8b4589.html</link>
<category>
<![CDATA[ Mercados ]]>
</category>
<category>
<![CDATA[ criptomonedas ]]>
</category>
<category>
<![CDATA[ Divisas ]]>
</category>
<category>
<![CDATA[ Renta Fija ]]>
</category>
<media:description type="html">
<![CDATA[ El futuro del presidente de la Reserva Federal está en el aire después del triunfo abrumador de Donald Trump. Los mercados de divisas, deuda, renta variable y criptomonedas permanecen en guardia, y las firmas de análisis comienzan a realizar sus quinielas sobre los candidatos ante un eventual relevo al frente de la Fed. ]]>
</media:description>
<media:title type="html">
<![CDATA[ MERCADOS ]]>
</media:title>
<media:content url="https://e00-expansion.uecdn.es/assets/multimedia/imagenes/2024/11/11/17313302144885.png" medium="image" width="1000" height="750"/>
<media:thumbnail url="https://e00-expansion.uecdn.es/assets/multimedia/imagenes/2024/11/11/17313302144885_150x0.png" width="150" height="112"/>
<media:text>Foto de archivo de Donald Trump y Jerome Powell</media:text>
<media:credit role="author"/>
<guid>https://www.expansion.com/mercados/2024/11/12/6731f4a0468aeb246d8b4589.html</guid>
<pubDate>Tue, 12 Nov 2024 01:30:12 +0100</pubDate>
</item>
<item>
<title>
<![CDATA[ Los hedge fund pierden 5.000 millones con Tesla ]]>
</title>
<description>
<![CDATA[ La escalada de las acciones tras el triunfo electoral de Trump provoca un rápido cierre de posiciones para acotar los números rojos de los bajistas.&nbsp;<a href="https://www.expansion.com/mercados/2024/11/12/6732899ee5fdea68458b45c3.html">Leer</a><img src="http://secure-uk.imrworldwide.com/cgi-bin/m?cid=es-widgetueditorial&amp;cg=rss-expansion&amp;ci=es-widgetueditorial&amp;si=https://www.expansion.com/rss/mercados.xml" alt=""/> ]]>
</description>
<dc:creator>
<![CDATA[ Expansión ]]>
</dc:creator>
<link>https://www.expansion.com/mercados/2024/11/12/6732899ee5fdea68458b45c3.html</link>
<category>
<![CDATA[ Mercados ]]>
</category>
<media:description type="html">
<![CDATA[ La escalada de las acciones tras el triunfo electoral de Trump provoca un rápido cierre de posiciones para acotar los números rojos de los bajistas. ]]>
</media:description>
<media:title type="html">
<![CDATA[ MERCADOS ]]>
</media:title>
<media:content url="https://e00-expansion.uecdn.es/assets/multimedia/imagenes/2024/11/12/17313667850390.jpg" medium="image" width="2048" height="1365"/>
<media:thumbnail url="https://e00-expansion.uecdn.es/assets/multimedia/imagenes/2024/11/12/17313667850390_150x0.jpg" width="150" height="99"/>
<media:text>El CEO de Tesla, Elon Musk, y Donald Trump.</media:text>
<media:credit role="author">Justin Merriman</media:credit>
<guid>https://www.expansion.com/mercados/2024/11/12/6732899ee5fdea68458b45c3.html</guid>
<pubDate>Tue, 12 Nov 2024 00:15:05 +0100</pubDate>
</item>
<item>
<title>
<![CDATA[ Vuelco eléctrico en Bolsa: los fondos de inversión nucleares superan en activos a los renovables ]]>
</title>
<description>
<![CDATA[ Los analistas todavía ven recorrido en el mercado gracias al posible 'revival' de la energía atómica.&nbsp;<a href="https://www.expansion.com/mercados/2024/11/11/67323759e5fdea672b8b4592.html">Leer</a><img src="http://secure-uk.imrworldwide.com/cgi-bin/m?cid=es-widgetueditorial&amp;cg=rss-expansion&amp;ci=es-widgetueditorial&amp;si=https://www.expansion.com/rss/mercados.xml" alt=""/> ]]>
</description>
<dc:creator>
<![CDATA[ Roberto Casado ]]>
</dc:creator>
<link>https://www.expansion.com/mercados/2024/11/11/67323759e5fdea672b8b4592.html</link>
<category>
<![CDATA[ El foco del día ]]>
</category>
<category>
<![CDATA[ Mercados ]]>
</category>
<category>
<![CDATA[ Energía ]]>
</category>
<category>
<![CDATA[ Energía Nuclear ]]>
</category>
<media:description type="html">
<![CDATA[ Los analistas todavía ven recorrido en el mercado gracias al posible 'revival' de la energía atómica. ]]>
</media:description>
<media:title type="html">
<![CDATA[ EL FOCO DEL DÍA ]]>
</media:title>
<media:content url="https://e00-expansion.uecdn.es/assets/multimedia/imagenes/2024/11/11/17313443866458.jpg" medium="image" width="2048" height="1365"/>
<media:thumbnail url="https://e00-expansion.uecdn.es/assets/multimedia/imagenes/2024/11/11/17313443866458_150x0.jpg" width="150" height="99"/>
<media:text/>
<media:credit role="author"/>
<guid>https://www.expansion.com/mercados/2024/11/11/67323759e5fdea672b8b4592.html</guid>
<pubDate>Mon, 11 Nov 2024 19:21:49 +0100</pubDate>
</item>
<item>
<title>
<![CDATA[ La pauta bajista del euro/dólar apunta por debajo de los 1,04 ]]>
</title>
<description>
<![CDATA[ La contundente victoria de Trump en las recientes elecciones unida a la debilidad en los últimos trimestres en la eurozona no hace sino presionar al cruce a la baja.&nbsp;<a href="https://www.expansion.com/mercados/2024/11/11/6731de1de5fdea860d8b4592.html">Leer</a><img src="http://secure-uk.imrworldwide.com/cgi-bin/m?cid=es-widgetueditorial&amp;cg=rss-expansion&amp;ci=es-widgetueditorial&amp;si=https://www.expansion.com/rss/mercados.xml" alt=""/> ]]>
</description>
<dc:creator>
<![CDATA[ JOSÉ MARÍA RODRÍGUEZ ]]>
</dc:creator>
<link>https://www.expansion.com/mercados/2024/11/11/6731de1de5fdea860d8b4592.html</link>
<category>
<![CDATA[ Mercados ]]>
</category>
<category>
<![CDATA[ Divisas ]]>
</category>
<media:description type="html">
<![CDATA[ La contundente victoria de Trump en las recientes elecciones unida a la debilidad en los últimos trimestres en la eurozona no hace sino presionar al cruce a la baja. ]]>
</media:description>
<media:title type="html">
<![CDATA[ MERCADOS ]]>
</media:title>
<media:content url="https://e00-expansion.uecdn.es/assets/multimedia/imagenes/2024/11/11/17313247060807.jpg" medium="image" width="1918" height="867"/>
<media:thumbnail url="https://e00-expansion.uecdn.es/assets/multimedia/imagenes/2024/11/11/17313247060807_150x0.jpg" width="150" height="67"/>
<media:text>Gráfico semanal del euro/dólar desde junio de 2022</media:text>
<media:credit role="author"/>
<guid>https://www.expansion.com/mercados/2024/11/11/6731de1de5fdea860d8b4592.html</guid>
<pubDate>Mon, 11 Nov 2024 15:10:42 +0100</pubDate>
</item>
<item>
<title>
<![CDATA[ La CNMC decide hoy sobre la opa de BBVA sobre Sabadell ]]>
</title>
<description>
<![CDATA[ La Sala de Competencia de la CNMC tiene previsto reunirse hoy martes durante la mañana para tomar una decisión sobre la operación de compra de acciones de Banco Sabadell por BBVA.&nbsp;<a href="https://www.expansion.com/empresas/banca/2024/11/11/6731eb55e5fdeacd048b459b.html">Leer</a><img src="http://secure-uk.imrworldwide.com/cgi-bin/m?cid=es-widgetueditorial&amp;cg=rss-expansion&amp;ci=es-widgetueditorial&amp;si=https://www.expansion.com/rss/mercados.xml" alt=""/> ]]>
</description>
<dc:creator>
<![CDATA[ Salvador Arancibia ]]>
</dc:creator>
<link>https://www.expansion.com/empresas/banca/2024/11/11/6731eb55e5fdeacd048b459b.html</link>
<category>
<![CDATA[ Empresas ]]>
</category>
<category>
<![CDATA[ Banca ]]>
</category>
<category>
<![CDATA[ BBVA ]]>
</category>
<category>
<![CDATA[ Banco Sabadell ]]>
</category>
<category>
<![CDATA[ Mercados ]]>
</category>
<media:description type="html">
<![CDATA[ La Sala de Competencia de la CNMC tiene previsto reunirse hoy martes durante la mañana para tomar una decisión sobre la operación de compra de acciones de Banco Sabadell por BBVA. ]]>
</media:description>
<media:title type="html">
<![CDATA[ BANCA ]]>
</media:title>
<media:content url="https://e00-expansion.uecdn.es/assets/multimedia/imagenes/2024/11/11/17313249684038.jpg" medium="image" width="2048" height="1387"/>
<media:thumbnail url="https://e00-expansion.uecdn.es/assets/multimedia/imagenes/2024/11/11/17313249684038_150x0.jpg" width="150" height="101"/>
<media:text>Cani Fernández, presidenta de la CNMC.</media:text>
<media:credit role="author"/>
<guid>https://www.expansion.com/empresas/banca/2024/11/11/6731eb55e5fdeacd048b459b.html</guid>
<pubDate>Mon, 11 Nov 2024 12:40:55 +0100</pubDate>
</item>
<item>
<title>
<![CDATA[ El Ibex 35 se frena en los máximos de este verano ]]>
</title>
<description>
<![CDATA[ Las recientes caídas en el selectivo le colocan como la segunda bolsa europea que mejor lo hace en el año (+15%) por detrás del Dax alemán (16%).&nbsp;<a href="https://www.expansion.com/mercados/2024/11/11/6731ce27e5fdeab1048b45a0.html">Leer</a><img src="http://secure-uk.imrworldwide.com/cgi-bin/m?cid=es-widgetueditorial&amp;cg=rss-expansion&amp;ci=es-widgetueditorial&amp;si=https://www.expansion.com/rss/mercados.xml" alt=""/> ]]>
</description>
<dc:creator>
<![CDATA[ JOSÉ MARÍA RODRÍGUEZ ]]>
</dc:creator>
<link>https://www.expansion.com/mercados/2024/11/11/6731ce27e5fdeab1048b45a0.html</link>
<category>
<![CDATA[ Mercados ]]>
</category>
<media:description type="html">
<![CDATA[ Las recientes caídas en el selectivo le colocan como la segunda bolsa europea que mejor lo hace en el año (+15%) por detrás del Dax alemán (16%). ]]>
</media:description>
<media:title type="html">
<![CDATA[ MERCADOS ]]>
</media:title>
<media:content url="https://e00-expansion.uecdn.es/assets/multimedia/imagenes/2024/11/11/17313171992278.jpg" medium="image" width="1919" height="868"/>
<media:thumbnail url="https://e00-expansion.uecdn.es/assets/multimedia/imagenes/2024/11/11/17313171992278_150x0.jpg" width="150" height="67"/>
<media:text>Gráfico diario del Ibex 35 desde finales de marzo</media:text>
<media:credit role="author"/>
<guid>https://www.expansion.com/mercados/2024/11/11/6731ce27e5fdeab1048b45a0.html</guid>
<pubDate>Mon, 11 Nov 2024 11:20:13 +0100</pubDate>
</item>
<item>
<title>
<![CDATA[ El sector europeo que bate récords con el triunfo de Trump ]]>
</title>
<description>
<![CDATA[ La "barrida republicana" desató una reasignación geográfica a favor de Wall Street y en contra de la renta variable europea, una tendencia de la que se desmarca un sector que vuelve a despuntar en la sesión de hoy, pulverizando nuevos récords históricos.&nbsp;<a href="https://www.expansion.com/mercados/2024/11/11/6731d141468aebfb3d8b4577.html">Leer</a><img src="http://secure-uk.imrworldwide.com/cgi-bin/m?cid=es-widgetueditorial&amp;cg=rss-expansion&amp;ci=es-widgetueditorial&amp;si=https://www.expansion.com/rss/mercados.xml" alt=""/> ]]>
</description>
<dc:creator>
<![CDATA[ Alejandro Sánchez ]]>
</dc:creator>
<link>https://www.expansion.com/mercados/2024/11/11/6731d141468aebfb3d8b4577.html</link>
<category>
<![CDATA[ Mercados ]]>
</category>
<media:description type="html">
<![CDATA[ La "barrida republicana" desató una reasignación geográfica a favor de Wall Street y en contra de la renta variable europea, una tendencia de la que se desmarca un sector que vuelve a despuntar en la sesión de hoy, pulverizando nuevos récords históricos. ]]>
</media:description>
<media:title type="html">
<![CDATA[ MERCADOS ]]>
</media:title>
<media:content url="https://e00-expansion.uecdn.es/assets/multimedia/imagenes/2024/11/11/17313181066641.jpg" medium="image" width="2048" height="1388"/>
<media:thumbnail url="https://e00-expansion.uecdn.es/assets/multimedia/imagenes/2024/11/11/17313181066641_150x0.jpg" width="150" height="101"/>
<media:text>Imagen de la Bolsa de Fráncfort durante el recuento electoral en EEUU</media:text>
<media:credit role="author"/>
<guid>https://www.expansion.com/mercados/2024/11/11/6731d141468aebfb3d8b4577.html</guid>
<pubDate>Mon, 11 Nov 2024 10:42:39 +0100</pubDate>
</item>
<item>
<title>
<![CDATA[ El bitcoin bate récords por encima de los 80.000 dólares ]]>
</title>
<description>
<![CDATA[ La escalada de la mayor de las criptomonedas a raíz de las elecciones de EEUU se prolonga en la jornada de hoy, y depara nuevos máximos históricos por encima de la barrera de los 80.000 dólares en medio del optimismo sobre las posibles reformas cripto que pueda introducir Donald Trump.&nbsp;<a href="https://www.expansion.com/mercados/criptomonedas/2024/11/11/6731c40fe5fdeaaf108b456f.html">Leer</a><img src="http://secure-uk.imrworldwide.com/cgi-bin/m?cid=es-widgetueditorial&amp;cg=rss-expansion&amp;ci=es-widgetueditorial&amp;si=https://www.expansion.com/rss/mercados.xml" alt=""/> ]]>
</description>
<dc:creator>
<![CDATA[ Alejandro Sánchez ]]>
</dc:creator>
<link>https://www.expansion.com/mercados/criptomonedas/2024/11/11/6731c40fe5fdeaaf108b456f.html</link>
<category>
<![CDATA[ Mercados ]]>
</category>
<category>
<![CDATA[ criptomonedas ]]>
</category>
<category>
<![CDATA[ Bitcoin ]]>
</category>
<media:description type="html">
<![CDATA[ La escalada de la mayor de las criptomonedas a raíz de las elecciones de EEUU se prolonga en la jornada de hoy, y depara nuevos máximos históricos por encima de la barrera de los 80.000 dólares en medio del optimismo sobre las posibles reformas cripto que pueda introducir Donald Trump. ]]>
</media:description>
<media:title type="html">
<![CDATA[ CRIPTOMONEDAS ]]>
</media:title>
<media:content url="https://e00-expansion.uecdn.es/assets/multimedia/imagenes/2024/11/11/17313146776809.jpg" medium="image" width="2048" height="1365"/>
<media:thumbnail url="https://e00-expansion.uecdn.es/assets/multimedia/imagenes/2024/11/11/17313146776809_150x0.jpg" width="150" height="99"/>
<media:text>Moneda de bitcoin</media:text>
<media:credit role="author"/>
<guid>https://www.expansion.com/mercados/criptomonedas/2024/11/11/6731c40fe5fdeaaf108b456f.html</guid>
<pubDate>Mon, 11 Nov 2024 09:45:10 +0100</pubDate>
</item>
<item>
<title>
<![CDATA[ Sacyr y la relevancia de los mínimos anuales ]]>
</title>
<description>
<![CDATA[ Desde los máximos anuales de mediados de mayo en los 3,67 euros los títulos de la constructora acumulan una caída del 18%.&nbsp;<a href="https://www.expansion.com/mercados/2024/11/11/6731bd15e5fdea55508b456f.html">Leer</a><img src="http://secure-uk.imrworldwide.com/cgi-bin/m?cid=es-widgetueditorial&amp;cg=rss-expansion&amp;ci=es-widgetueditorial&amp;si=https://www.expansion.com/rss/mercados.xml" alt=""/> ]]>
</description>
<dc:creator>
<![CDATA[ JOSÉ MARÍA RODRÍGUEZ ]]>
</dc:creator>
<link>https://www.expansion.com/mercados/2024/11/11/6731bd15e5fdea55508b456f.html</link>
<category>
<![CDATA[ Mercados ]]>
</category>
<media:description type="html">
<![CDATA[ Desde los máximos anuales de mediados de mayo en los 3,67 euros los títulos de la constructora acumulan una caída del 18%. ]]>
</media:description>
<media:title type="html">
<![CDATA[ MERCADOS ]]>
</media:title>
<media:content url="https://e00-expansion.uecdn.es/assets/multimedia/imagenes/2024/11/11/17313144588914.jpg" medium="image" width="1919" height="867"/>
<media:thumbnail url="https://e00-expansion.uecdn.es/assets/multimedia/imagenes/2024/11/11/17313144588914_150x0.jpg" width="150" height="67"/>
<media:text>Gráfico semanal de Sacyr desde mediados de 2019</media:text>
<media:credit role="author"/>
<guid>https://www.expansion.com/mercados/2024/11/11/6731bd15e5fdea55508b456f.html</guid>
<pubDate>Mon, 11 Nov 2024 09:44:24 +0100</pubDate>
</item>
<item>
<title>
<![CDATA[ SIX lanza una opa amistosa sobre la británica Aquis valorada en 234 millones ]]>
</title>
<description>
<![CDATA[ El operador bursátil suizo SIX Group, dueño de Bolsas y Mercados Españoles (BME) ha llegado a un acuerdo para adquirir Aquis Exchange, con sede en Londres, en una oferta en efectivo que sitúa el valor de la operación en 194 millones de libras esterlinas (234 millones de euros). Las acciones de Aquis se disparan más del 100% en la Bolsa de Londres.&nbsp;<a href="https://www.expansion.com/empresas/2024/11/11/6731bf7e468aeb84718b459a.html">Leer</a><img src="http://secure-uk.imrworldwide.com/cgi-bin/m?cid=es-widgetueditorial&amp;cg=rss-expansion&amp;ci=es-widgetueditorial&amp;si=https://www.expansion.com/rss/mercados.xml" alt=""/> ]]>
</description>
<dc:creator>
<![CDATA[ C. R. ]]>
</dc:creator>
<link>https://www.expansion.com/empresas/2024/11/11/6731bf7e468aeb84718b459a.html</link>
<category>
<![CDATA[ Empresas ]]>
</category>
<category>
<![CDATA[ Mercados ]]>
</category>
<media:description type="html">
<![CDATA[ El operador bursátil suizo SIX Group, dueño de Bolsas y Mercados Españoles (BME) ha llegado a un acuerdo para adquirir Aquis Exchange, con sede en Londres, en una oferta en efectivo que sitúa el valor de la operación en 194 millones de libras esterlinas (234 millones de euros). Las acciones de Aquis se disparan más del 100% en la Bolsa de Londres. ]]>
</media:description>
<media:title type="html">
<![CDATA[ EMPRESAS ]]>
</media:title>
<media:content url="https://e00-expansion.uecdn.es/assets/multimedia/imagenes/2024/11/11/17313136577771.jpg" medium="image" width="2048" height="1075"/>
<media:thumbnail url="https://e00-expansion.uecdn.es/assets/multimedia/imagenes/2024/11/11/17313136577771_150x0.jpg" width="150" height="78"/>
<media:text>El operador bursátil suizo SIX ofrece una prima del 68% por la británica Aquis.</media:text>
<media:credit role="author">EFE</media:credit>
<guid>https://www.expansion.com/empresas/2024/11/11/6731bf7e468aeb84718b459a.html</guid>
<pubDate>Mon, 11 Nov 2024 09:29:08 +0100</pubDate>
</item>
<item>
<title>
<![CDATA[ Deutsche Bank fija un nuevo suelo en las valoraciones de Amadeus ]]>
</title>
<description>
<![CDATA[ Los resultados publicados por Amadeus han sido recibidos con frialdad por los inversores, y casi en mayor medida aún por los analistas. Después de la cautela trasladada por otras firmas, Deutsche Bank emite hoy el precio objetivo más bajo de los 25 vigentes sobre la sexta mayor empresa del Ibex.&nbsp;<a href="https://www.expansion.com/mercados/2024/11/11/6731b384e5fdea40798b45a6.html">Leer</a><img src="http://secure-uk.imrworldwide.com/cgi-bin/m?cid=es-widgetueditorial&amp;cg=rss-expansion&amp;ci=es-widgetueditorial&amp;si=https://www.expansion.com/rss/mercados.xml" alt=""/> ]]>
</description>
<dc:creator>
<![CDATA[ Alejandro Sánchez ]]>
</dc:creator>
<link>https://www.expansion.com/mercados/2024/11/11/6731b384e5fdea40798b45a6.html</link>
<category>
<![CDATA[ Mercados ]]>
</category>
<media:description type="html">
<![CDATA[ Los resultados publicados por Amadeus han sido recibidos con frialdad por los inversores, y casi en mayor medida aún por los analistas. Después de la cautela trasladada por otras firmas, Deutsche Bank emite hoy el precio objetivo más bajo de los 25 vigentes sobre la sexta mayor empresa del Ibex. ]]>
</media:description>
<media:title type="html">
<![CDATA[ MERCADOS ]]>
</media:title>
<media:content url="https://e00-expansion.uecdn.es/assets/multimedia/imagenes/2018/10/25/15404867111554.jpg" medium="image" width="1706" height="960"/>
<media:thumbnail url="https://e00-expansion.uecdn.es/assets/multimedia/imagenes/2018/10/25/15404867111554_150x0.jpg" width="150" height="84"/>
<media:text>Instalaciones de Amadeus</media:text>
<media:credit role="author"/>
<guid>https://www.expansion.com/mercados/2024/11/11/6731b384e5fdea40798b45a6.html</guid>
<pubDate>Mon, 11 Nov 2024 08:38:00 +0100</pubDate>
</item>
<item>
<title>
<![CDATA[ Repsol sigue jugando con fuego ]]>
</title>
<description>
<![CDATA[ Los títulos de la petrolera cotizan en los mismos niveles de precio que en abril de 2022.&nbsp;<a href="https://www.expansion.com/mercados/2024/11/11/672dc689468aeb1a168b45d7.html">Leer</a><img src="http://secure-uk.imrworldwide.com/cgi-bin/m?cid=es-widgetueditorial&amp;cg=rss-expansion&amp;ci=es-widgetueditorial&amp;si=https://www.expansion.com/rss/mercados.xml" alt=""/> ]]>
</description>
<dc:creator>
<![CDATA[ JOSÉ MARÍA RODRÍGUEZ ]]>
</dc:creator>
<link>https://www.expansion.com/mercados/2024/11/11/672dc689468aeb1a168b45d7.html</link>
<category>
<![CDATA[ Mercados ]]>
</category>
<category>
<![CDATA[ Energía ]]>
</category>
<media:description type="html">
<![CDATA[ Los títulos de la petrolera cotizan en los mismos niveles de precio que en abril de 2022. ]]>
</media:description>
<media:title type="html">
<![CDATA[ MERCADOS ]]>
</media:title>
<media:content url="https://e00-expansion.uecdn.es/assets/multimedia/imagenes/2024/11/08/17310839771708.jpg" medium="image" width="1917" height="867"/>
<media:thumbnail url="https://e00-expansion.uecdn.es/assets/multimedia/imagenes/2024/11/08/17310839771708_150x0.jpg" width="150" height="67"/>
<media:text>Gráfico semanal de Repsol desde finales de agosto de 2022</media:text>
<media:credit role="author"/>
<guid>https://www.expansion.com/mercados/2024/11/11/672dc689468aeb1a168b45d7.html</guid>
<pubDate>Mon, 11 Nov 2024 08:18:11 +0100</pubDate>
</item>
<item>
<title>
<![CDATA[ ¿Qué oportunidades de inversión ve en Asia tras la resaca electoral? ]]>
</title>
<description>
<![CDATA[ China está en el epicentro de los mercados tras anunciar su paquete de estímulos para reactivar la economía con la estela de la victoria de Donald Trump en Estados Unidos. ¿Cuál es la perspectiva de la Asociación de Naciones de Asia Sudoriental (ASEAN)? ¿Qué factores podrían estar impulsando a algunos países miembros, tradicionalmente aliados de Estados Unidos, a adoptar una postura de mayor neutralidad y a buscar alianzas con otros bloques como los BRICS (acrónimo de Brasil, Rusia, India, China y Sudáfrica)? ¿Será la ASEAN la próxima gran oportunidad para los inversores? ¿España mira a la ASEAN como destino inversor? Juan Figar, fundador y socio director de la gestora Collyer Capital, responde a sus dudas hoy a partir de las 10 horas.&nbsp;<a href="https://www.expansion.com/encuentros/juan-figar/2024/11/11/index.html">Leer</a><img src="http://secure-uk.imrworldwide.com/cgi-bin/m?cid=es-widgetueditorial&amp;cg=rss-expansion&amp;ci=es-widgetueditorial&amp;si=https://www.expansion.com/rss/mercados.xml" alt=""/> ]]>
</description>
<dc:creator>
<![CDATA[ Expansión ]]>
</dc:creator>
<link>https://www.expansion.com/encuentros/juan-figar/2024/11/11/index.html</link>
<category>
<![CDATA[ Mercados ]]>
</category>
<category>
<![CDATA[ Asia ]]>
</category>
<category>
<![CDATA[ Ahorro ]]>
</category>
<media:description type="html">
<![CDATA[ China está en el epicentro de los mercados tras anunciar su paquete de estímulos para reactivar la economía con la estela de la victoria de Donald Trump en Estados Unidos. ¿Cuál es la perspectiva de la Asociación de Naciones de Asia Sudoriental (ASEAN)? ¿Qué factores podrían estar impulsando a algunos países miembros, tradicionalmente aliados de Estados Unidos, a adoptar una postura de mayor neutralidad y a buscar alianzas con otros bloques como los BRICS (acrónimo de Brasil, Rusia, India, China y Sudáfrica)? ¿Será la ASEAN la próxima gran oportunidad para los inversores? ¿España mira a la ASEAN como destino inversor? Juan Figar, fundador y socio director de la gestora Collyer Capital, responde a sus dudas hoy a partir de las 10 horas. ]]>
</media:description>
<media:title type="html">
<![CDATA[ ENCUENTRO DIGITAL ]]>
</media:title>
<media:content url="https://e00-expansion.uecdn.es/assets/multimedia/imagenes/2024/11/11/17313072586286.jpg" medium="image" width="316" height="211"/>
<media:thumbnail url="https://e00-expansion.uecdn.es/assets/multimedia/imagenes/2024/11/11/17313072586286_150x0.jpg" width="150" height="100"/>
<media:text/>
<media:credit role="author"/>
<guid>https://www.expansion.com/encuentros/juan-figar/2024/11/11/index.html</guid>
<pubDate>Mon, 11 Nov 2024 07:41:13 +0100</pubDate>
</item>
<item>
<title>
<![CDATA[ Relevo en la CNMV en pleno cambio económico mundial ]]>
</title>
<description>
<![CDATA[ No se conoce quién será el nuevo responsable de la comisión, pero tiene varios retos: el proteccionismo de Trump, la previsible guerra comercial con China, los temores inflacionistas, la bajada de los tipos del BCE y la elevada liquidez.&nbsp;<a href="https://www.expansion.com/mercados/2024/11/11/6730ff81468aeb56658b4590.html">Leer</a><img src="http://secure-uk.imrworldwide.com/cgi-bin/m?cid=es-widgetueditorial&amp;cg=rss-expansion&amp;ci=es-widgetueditorial&amp;si=https://www.expansion.com/rss/mercados.xml" alt=""/> ]]>
</description>
<dc:creator>
<![CDATA[ Salvador Arancibia ]]>
</dc:creator>
<link>https://www.expansion.com/mercados/2024/11/11/6730ff81468aeb56658b4590.html</link>
<category>
<![CDATA[ Mercados ]]>
</category>
<media:description type="html">
<![CDATA[ No se conoce quién será el nuevo responsable de la comisión, pero tiene varios retos: el proteccionismo de Trump, la previsible guerra comercial con China, los temores inflacionistas, la bajada de los tipos del BCE y la elevada liquidez. ]]>
</media:description>
<media:title type="html">
<![CDATA[ MERCADOS ]]>
</media:title>
<media:content url="https://e00-expansion.uecdn.es/assets/multimedia/imagenes/2024/11/10/17312660287837.jpg" medium="image" width="2048" height="1428"/>
<media:thumbnail url="https://e00-expansion.uecdn.es/assets/multimedia/imagenes/2024/11/10/17312660287837_150x0.jpg" width="150" height="104"/>
<media:text>Rodrigo Buenaventura, presidente de la CNMV.</media:text>
<media:credit role="author">APIE</media:credit>
<guid>https://www.expansion.com/mercados/2024/11/11/6730ff81468aeb56658b4590.html</guid>
<pubDate>Mon, 11 Nov 2024 00:30:54 +0100</pubDate>
</item>
<item>
<title>
<![CDATA[ La pequeña joya del dividendo en la Bolsa para ganar un 25% ]]>
</title>
<description>
<![CDATA[ Una compañía del Índice General destaca al alza este año y es de las más rentables con su rentabilidad por dividendo, superior al 9%. Gusta a casi todas las firmas de inversión que le siguen en el parqué y le otorgan un potencial alcista superior al 25% a doce meses.&nbsp;<a href="https://www.expansion.com/ahorro/2024/11/11/672b477de5fdeaa02a8b4580.html">Leer</a><img src="http://secure-uk.imrworldwide.com/cgi-bin/m?cid=es-widgetueditorial&amp;cg=rss-expansion&amp;ci=es-widgetueditorial&amp;si=https://www.expansion.com/rss/mercados.xml" alt=""/> ]]>
</description>
<dc:creator>
<![CDATA[ Diana Esperanza ]]>
</dc:creator>
<link>https://www.expansion.com/ahorro/2024/11/11/672b477de5fdeaa02a8b4580.html</link>
<category>
<![CDATA[ Ahorro ]]>
</category>
<category>
<![CDATA[ Mercados ]]>
</category>
<media:description type="html">
<![CDATA[ Una compañía del Índice General destaca al alza este año y es de las más rentables con su rentabilidad por dividendo, superior al 9%. Gusta a casi todas las firmas de inversión que le siguen en el parqué y le otorgan un potencial alcista superior al 25% a doce meses. ]]>
</media:description>
<media:title type="html">
<![CDATA[ AHORRO E INVERSIÓN ]]>
</media:title>
<media:content url="https://e00-expansion.uecdn.es/assets/multimedia/imagenes/2024/11/08/17310606473348.jpg" medium="image" width="1920" height="1920"/>
<media:thumbnail url="https://e00-expansion.uecdn.es/assets/multimedia/imagenes/2024/11/08/17310606473348_150x0.jpg" width="150" height="150"/>
<media:text/>
<media:credit role="author"/>
<guid>https://www.expansion.com/ahorro/2024/11/11/672b477de5fdeaa02a8b4580.html</guid>
<pubDate>Mon, 11 Nov 2024 00:19:47 +0100</pubDate>
</item>
<item>
<title>
<![CDATA[ El Banco de España avisa del peligro para la estabilidad financiera de una caída bursátil de las tecnológicas ]]>
</title>
<description>
<![CDATA[ El Banco de España ha avisado del peligro para la estabilidad financiera que entrañaría una corrección bursátil del precio de las acciones de las grandes tecnológicas, debido a su elevado tamaño y peso en los índices bursátiles, sobre todo en Estados Unidos.&nbsp;<a href="https://www.expansion.com/mercados/2024/11/10/6730aeede5fdeae71e8b45ab.html">Leer</a><img src="http://secure-uk.imrworldwide.com/cgi-bin/m?cid=es-widgetueditorial&amp;cg=rss-expansion&amp;ci=es-widgetueditorial&amp;si=https://www.expansion.com/rss/mercados.xml" alt=""/> ]]>
</description>
<dc:creator>
<![CDATA[ Expansión ]]>
</dc:creator>
<link>https://www.expansion.com/mercados/2024/11/10/6730aeede5fdeae71e8b45ab.html</link>
<category>
<![CDATA[ Banca ]]>
</category>
<category>
<![CDATA[ Mercados ]]>
</category>
<media:description type="html">
<![CDATA[ El Banco de España ha avisado del peligro para la estabilidad financiera que entrañaría una corrección bursátil del precio de las acciones de las grandes tecnológicas, debido a su elevado tamaño y peso en los índices bursátiles, sobre todo en Estados Unidos. ]]>
</media:description>
<media:title type="html">
<![CDATA[ MERCADOS ]]>
</media:title>
<media:content url="https://e00-expansion.uecdn.es/assets/multimedia/imagenes/2023/04/21/16820773767966.jpg" medium="image" width="2048" height="921"/>
<media:thumbnail url="https://e00-expansion.uecdn.es/assets/multimedia/imagenes/2023/04/21/16820773767966_150x0.jpg" width="150" height="67"/>
<media:text>Sede del Banco de España.</media:text>
<media:credit role="author">JMCadenas</media:credit>
<guid>https://www.expansion.com/mercados/2024/11/10/6730aeede5fdeae71e8b45ab.html</guid>
<pubDate>Sun, 10 Nov 2024 15:02:21 +0100</pubDate>
</item>
<item>
<title>
<![CDATA[ Las cotizadas españolas reparten 26.000 millones entre sus accionistas hasta septiembre ]]>
</title>
<description>
<![CDATA[ Las empresas cotizadas españolas repartieron 26.043 millones de euros entre sus accionistas hasta el mes de septiembre, lo que implica un 15% más que en el mismo periodo de 2023, según los archivos de Bolsas y Mercados Españoles (BME).&nbsp;<a href="https://www.expansion.com/mercados/2024/11/10/67309abf468aebee668b459a.html">Leer</a><img src="http://secure-uk.imrworldwide.com/cgi-bin/m?cid=es-widgetueditorial&amp;cg=rss-expansion&amp;ci=es-widgetueditorial&amp;si=https://www.expansion.com/rss/mercados.xml" alt=""/> ]]>
</description>
<dc:creator>
<![CDATA[ Expansión ]]>
</dc:creator>
<link>https://www.expansion.com/mercados/2024/11/10/67309abf468aebee668b459a.html</link>
<category>
<![CDATA[ Mercados ]]>
</category>
<media:description type="html">
<![CDATA[ Las empresas cotizadas españolas repartieron 26.043 millones de euros entre sus accionistas hasta el mes de septiembre, lo que implica un 15% más que en el mismo periodo de 2023, según los archivos de Bolsas y Mercados Españoles (BME). ]]>
</media:description>
<media:title type="html">
<![CDATA[ MERCADOS ]]>
</media:title>
<media:content url="https://e00-expansion.uecdn.es/assets/multimedia/imagenes/2022/12/11/16707575754630.jpg" medium="image" width="2048" height="1466"/>
<media:thumbnail url="https://e00-expansion.uecdn.es/assets/multimedia/imagenes/2022/12/11/16707575754630_150x0.jpg" width="150" height="107"/>
<media:text/>
<media:credit role="author"/>
<guid>https://www.expansion.com/mercados/2024/11/10/67309abf468aebee668b459a.html</guid>
<pubDate>Sun, 10 Nov 2024 12:40:37 +0100</pubDate>
</item>
</channel>
</rss>